[2024-12-04 11:24:20] [INFO] 跳过 Docker 镜像构建，使用现有镜像。
[2024-12-04 11:24:20] [INFO] 使用现有的镜像：vless_reality:v10_20241202163504
[2024-12-04 11:24:20] [ERROR] 目录 client_spt_20241204101 不存在。
[2024-12-04 11:24:31] [INFO] 跳过 Docker 镜像构建，使用现有镜像。
[2024-12-04 11:24:31] [INFO] 使用现有的镜像：vless_reality:v10_20241202163504
[2024-12-04 11:24:31] [INFO] 正在处理配置文件: client_spt_202412041016/ceci.json
[2024-12-04 11:24:31] [ERROR] 端口号 49088 已在使用中。
[2024-12-04 11:42:14] [INFO] 跳过 Docker 镜像构建，使用现有镜像。
[2024-12-04 11:42:14] [INFO] 使用现有的镜像：vless_reality:v10_20241202163504
[2024-12-04 11:42:14] [INFO] 正在处理配置文件: client_spt_202412041016/ceci.json
[2024-12-04 11:42:14] [INFO] 已生成 users.json，内容如下：
[
  {
    "user": "ceci@taoziyoyo.com",
    "id": "81b205fa-22d9-4635-b6f6-461306bcbcb7",
    "flow": "xtls-rprx-vision",
    "level": 0,
    "alterId": 0,
    "expire": "2025-12-04T00:00:00Z"
  }
]
[2024-12-04 11:42:14] [INFO] 密钥生成容器 'xray-x25519' 已经在运行。
[2024-12-04 11:42:14] [INFO] Public Key: PfO9xup49oa_RlAkZMnP4co-GwFx1m3dpdllnXJHfW8
[2024-12-04 11:42:14] [INFO] 密钥已保存到 /opt/docker/reality/nodeInfo/reality_ceci 目录。
[2024-12-04 11:42:14] [INFO] 正在启动 Docker 容器：reality_SPTCEC_JIULEZK1
[2024-12-04 11:42:17] [INFO] 容器 reality_SPTCEC_JIULEZK1 启动成功。
[2024-12-04 11:42:22] [INFO] nodeInfo-spt.json 文件已成功创建。
[2024-12-04 11:42:22] [INFO] 已成功将 nodeInfo-spt.json 拷贝到容器的根目录。
[2024-12-04 11:42:22] [INFO] 已生成 nodeInfo-spt.json，内容如下：
[
  {
    "user": "ceci@taoziyoyo.com",
    "id": "81b205fa-22d9-4635-b6f6-461306bcbcb7",
    "expire": "2025-12-04T00:00:00Z",
    "subscription": "vless://81b205fa-22d9-4635-b6f6-461306bcbcb7@spto9drrm5l1d7uopaguucnxohzc3ul2yazxrldzpuoduu.taoziyoyo.com:49088?encryption=none&security=reality&pbk=PfO9xup49oa_RlAkZMnP4co-GwFx1m3dpdllnXJHfW8&sid=f05a36c27032873d&flow=xtls-rprx-vision&sni=www.apple.com&fp=chrome&type=tcp#ceci%40taoziyoyo.com",
    "country": "US",
    "server": "spt",
    "uid": "JIULEZK1"
  }
]
[2024-12-04 11:42:23] [INFO] nodeInfo-spt.json 已成功复制到共享卷的 node-info/ceci/ 目录。
[2024-12-04 11:42:23] [INFO] 以下是 nodeInfo-spt.json 的内容：
[
  {
    "user": "ceci@taoziyoyo.com",
    "id": "81b205fa-22d9-4635-b6f6-461306bcbcb7",
    "expire": "2025-12-04T00:00:00Z",
    "subscription": "vless://81b205fa-22d9-4635-b6f6-461306bcbcb7@spto9drrm5l1d7uopaguucnxohzc3ul2yazxrldzpuoduu.taoziyoyo.com:49088?encryption=none&security=reality&pbk=PfO9xup49oa_RlAkZMnP4co-GwFx1m3dpdllnXJHfW8&sid=f05a36c27032873d&flow=xtls-rprx-vision&sni=www.apple.com&fp=chrome&type=tcp#ceci%40taoziyoyo.com",
    "country": "US",
    "server": "spt",
    "uid": "JIULEZK1"
  }
]
[2024-12-04 11:42:23] [INFO] 用户: ceci@taoziyoyo.com
[2024-12-04 11:42:23] [INFO] 订阅链接: vless://81b205fa-22d9-4635-b6f6-461306bcbcb7@spto9drrm5l1d7uopaguucnxohzc3ul2yazxrldzpuoduu.taoziyoyo.com:49088?encryption=none&security=reality&pbk=PfO9xup49oa_RlAkZMnP4co-GwFx1m3dpdllnXJHfW8&sid=f05a36c27032873d&flow=xtls-rprx-vision&sni=www.apple.com&fp=chrome&type=tcp#ceci%40taoziyoyo.com
[2024-12-04 11:42:23] [INFO] 正在处理配置文件: client_spt_202412041016/han.json
[2024-12-04 11:42:23] [INFO] 已生成 users.json，内容如下：
[
  {
    "user": "han@taoziyoyo.com",
    "id": "4f5eb3b4-8fd1-4fa2-bb37-a39372f8e1aa",
    "flow": "xtls-rprx-vision",
    "level": 0,
    "alterId": 0,
    "expire": "2025-12-04T00:00:00Z"
  }
]
[2024-12-04 11:42:23] [INFO] 密钥生成容器 'xray-x25519' 已经在运行。
[2024-12-04 11:42:23] [INFO] Public Key: 84ONPivp3k0Llj8GMBqp2nclgyQc3RaeGwWOzPF10FI
[2024-12-04 11:42:23] [INFO] 密钥已保存到 /opt/docker/reality/nodeInfo/reality_han 目录。
[2024-12-04 11:42:23] [INFO] 正在启动 Docker 容器：reality_SPTHAN_MAHP3VEL
[2024-12-04 11:42:27] [INFO] 容器 reality_SPTHAN_MAHP3VEL 启动成功。
[2024-12-04 11:42:32] [INFO] nodeInfo-spt.json 文件已成功创建。
[2024-12-04 11:42:32] [INFO] 已成功将 nodeInfo-spt.json 拷贝到容器的根目录。
[2024-12-04 11:42:32] [INFO] 已生成 nodeInfo-spt.json，内容如下：
[
  {
    "user": "han@taoziyoyo.com",
    "id": "4f5eb3b4-8fd1-4fa2-bb37-a39372f8e1aa",
    "expire": "2025-12-04T00:00:00Z",
    "subscription": "vless://4f5eb3b4-8fd1-4fa2-bb37-a39372f8e1aa@spto9drrm5l1d7uopaguucnxohzc3ul2yazxrldzpuoduu.taoziyoyo.com:20429?encryption=none&security=reality&pbk=84ONPivp3k0Llj8GMBqp2nclgyQc3RaeGwWOzPF10FI&sid=a3ab4416c179d2a9&flow=xtls-rprx-vision&sni=www.apple.com&fp=chrome&type=tcp#han%40taoziyoyo.com",
    "country": "US",
    "server": "spt",
    "uid": "MAHP3VEL"
  }
]
[2024-12-04 11:42:33] [INFO] nodeInfo-spt.json 已成功复制到共享卷的 node-info/han/ 目录。
[2024-12-04 11:42:33] [INFO] 以下是 nodeInfo-spt.json 的内容：
[
  {
    "user": "han@taoziyoyo.com",
    "id": "4f5eb3b4-8fd1-4fa2-bb37-a39372f8e1aa",
    "expire": "2025-12-04T00:00:00Z",
    "subscription": "vless://4f5eb3b4-8fd1-4fa2-bb37-a39372f8e1aa@spto9drrm5l1d7uopaguucnxohzc3ul2yazxrldzpuoduu.taoziyoyo.com:20429?encryption=none&security=reality&pbk=84ONPivp3k0Llj8GMBqp2nclgyQc3RaeGwWOzPF10FI&sid=a3ab4416c179d2a9&flow=xtls-rprx-vision&sni=www.apple.com&fp=chrome&type=tcp#han%40taoziyoyo.com",
    "country": "US",
    "server": "spt",
    "uid": "MAHP3VEL"
  }
]
[2024-12-04 11:42:33] [INFO] 用户: han@taoziyoyo.com
[2024-12-04 11:42:33] [INFO] 订阅链接: vless://4f5eb3b4-8fd1-4fa2-bb37-a39372f8e1aa@spto9drrm5l1d7uopaguucnxohzc3ul2yazxrldzpuoduu.taoziyoyo.com:20429?encryption=none&security=reality&pbk=84ONPivp3k0Llj8GMBqp2nclgyQc3RaeGwWOzPF10FI&sid=a3ab4416c179d2a9&flow=xtls-rprx-vision&sni=www.apple.com&fp=chrome&type=tcp#han%40taoziyoyo.com
[2024-12-04 11:42:33] [INFO] 正在处理配置文件: client_spt_202412041016/iceberg.json
[2024-12-04 11:42:33] [INFO] 已生成 users.json，内容如下：
[
  {
    "user": "iceberg@taoziyoyo.com",
    "id": "1a961cd7-1fe6-430f-813c-ef87368b8e69",
    "flow": "xtls-rprx-vision",
    "level": 0,
    "alterId": 0,
    "expire": "2025-12-04T00:00:00Z"
  }
]
[2024-12-04 11:42:33] [INFO] 密钥生成容器 'xray-x25519' 已经在运行。
[2024-12-04 11:42:33] [INFO] Public Key: kR88XVOccd3y5-3pPsyCm4SL04oXUStFfo4qTbRjQDQ
[2024-12-04 11:42:33] [INFO] 密钥已保存到 /opt/docker/reality/nodeInfo/reality_iceberg 目录。
[2024-12-04 11:42:33] [INFO] 正在启动 Docker 容器：reality_SPTICE_LYLR63YG
[2024-12-04 11:42:36] [INFO] 容器 reality_SPTICE_LYLR63YG 启动成功。
[2024-12-04 11:42:41] [INFO] nodeInfo-spt.json 文件已成功创建。
[2024-12-04 11:42:41] [INFO] 已成功将 nodeInfo-spt.json 拷贝到容器的根目录。
[2024-12-04 11:42:41] [INFO] 已生成 nodeInfo-spt.json，内容如下：
[
  {
    "user": "iceberg@taoziyoyo.com",
    "id": "1a961cd7-1fe6-430f-813c-ef87368b8e69",
    "expire": "2025-12-04T00:00:00Z",
    "subscription": "vless://1a961cd7-1fe6-430f-813c-ef87368b8e69@spto9drrm5l1d7uopaguucnxohzc3ul2yazxrldzpuoduu.taoziyoyo.com:30554?encryption=none&security=reality&pbk=kR88XVOccd3y5-3pPsyCm4SL04oXUStFfo4qTbRjQDQ&sid=3ce40b97df8e56cc&flow=xtls-rprx-vision&sni=www.apple.com&fp=chrome&type=tcp#iceberg%40taoziyoyo.com",
    "country": "US",
    "server": "spt",
    "uid": "LYLR63YG"
  }
]
[2024-12-04 11:42:42] [INFO] nodeInfo-spt.json 已成功复制到共享卷的 node-info/iceberg/ 目录。
[2024-12-04 11:42:42] [INFO] 以下是 nodeInfo-spt.json 的内容：
[
  {
    "user": "iceberg@taoziyoyo.com",
    "id": "1a961cd7-1fe6-430f-813c-ef87368b8e69",
    "expire": "2025-12-04T00:00:00Z",
    "subscription": "vless://1a961cd7-1fe6-430f-813c-ef87368b8e69@spto9drrm5l1d7uopaguucnxohzc3ul2yazxrldzpuoduu.taoziyoyo.com:30554?encryption=none&security=reality&pbk=kR88XVOccd3y5-3pPsyCm4SL04oXUStFfo4qTbRjQDQ&sid=3ce40b97df8e56cc&flow=xtls-rprx-vision&sni=www.apple.com&fp=chrome&type=tcp#iceberg%40taoziyoyo.com",
    "country": "US",
    "server": "spt",
    "uid": "LYLR63YG"
  }
]
[2024-12-04 11:42:42] [INFO] 用户: iceberg@taoziyoyo.com
[2024-12-04 11:42:42] [INFO] 订阅链接: vless://1a961cd7-1fe6-430f-813c-ef87368b8e69@spto9drrm5l1d7uopaguucnxohzc3ul2yazxrldzpuoduu.taoziyoyo.com:30554?encryption=none&security=reality&pbk=kR88XVOccd3y5-3pPsyCm4SL04oXUStFfo4qTbRjQDQ&sid=3ce40b97df8e56cc&flow=xtls-rprx-vision&sni=www.apple.com&fp=chrome&type=tcp#iceberg%40taoziyoyo.com
[2024-12-04 11:42:42] [INFO] 正在处理配置文件: client_spt_202412041016/jack.json
[2024-12-04 11:42:42] [INFO] 已生成 users.json，内容如下：
[
  {
    "user": "jack@taoziyoyo.com",
    "id": "359bf2c3-6c07-4aba-8691-ccf6d47fccca",
    "flow": "xtls-rprx-vision",
    "level": 0,
    "alterId": 0,
    "expire": "2025-12-04T00:00:00Z"
  }
]
[2024-12-04 11:42:42] [INFO] 密钥生成容器 'xray-x25519' 已经在运行。
[2024-12-04 11:42:42] [INFO] Public Key: RfNfTQrdHjY1XK2y0PKrS3ju2axdF96x9DmEynlD-gE
[2024-12-04 11:42:42] [INFO] 密钥已保存到 /opt/docker/reality/nodeInfo/reality_jack 目录。
[2024-12-04 11:42:42] [INFO] 正在启动 Docker 容器：reality_SPTJAC_INLMNWKA
[2024-12-04 11:42:46] [INFO] 容器 reality_SPTJAC_INLMNWKA 启动成功。
[2024-12-04 11:42:51] [INFO] nodeInfo-spt.json 文件已成功创建。
[2024-12-04 11:42:51] [INFO] 已成功将 nodeInfo-spt.json 拷贝到容器的根目录。
[2024-12-04 11:42:51] [INFO] 已生成 nodeInfo-spt.json，内容如下：
[
  {
    "user": "jack@taoziyoyo.com",
    "id": "359bf2c3-6c07-4aba-8691-ccf6d47fccca",
    "expire": "2025-12-04T00:00:00Z",
    "subscription": "vless://359bf2c3-6c07-4aba-8691-ccf6d47fccca@spto9drrm5l1d7uopaguucnxohzc3ul2yazxrldzpuoduu.taoziyoyo.com:52714?encryption=none&security=reality&pbk=RfNfTQrdHjY1XK2y0PKrS3ju2axdF96x9DmEynlD-gE&sid=ad5dd2a1d14cf27e&flow=xtls-rprx-vision&sni=www.apple.com&fp=chrome&type=tcp#jack%40taoziyoyo.com",
    "country": "US",
    "server": "spt",
    "uid": "INLMNWKA"
  }
]
[2024-12-04 11:42:52] [INFO] nodeInfo-spt.json 已成功复制到共享卷的 node-info/jack/ 目录。
[2024-12-04 11:42:52] [INFO] 以下是 nodeInfo-spt.json 的内容：
[
  {
    "user": "jack@taoziyoyo.com",
    "id": "359bf2c3-6c07-4aba-8691-ccf6d47fccca",
    "expire": "2025-12-04T00:00:00Z",
    "subscription": "vless://359bf2c3-6c07-4aba-8691-ccf6d47fccca@spto9drrm5l1d7uopaguucnxohzc3ul2yazxrldzpuoduu.taoziyoyo.com:52714?encryption=none&security=reality&pbk=RfNfTQrdHjY1XK2y0PKrS3ju2axdF96x9DmEynlD-gE&sid=ad5dd2a1d14cf27e&flow=xtls-rprx-vision&sni=www.apple.com&fp=chrome&type=tcp#jack%40taoziyoyo.com",
    "country": "US",
    "server": "spt",
    "uid": "INLMNWKA"
  }
]
[2024-12-04 11:42:52] [INFO] 用户: jack@taoziyoyo.com
[2024-12-04 11:42:52] [INFO] 订阅链接: vless://359bf2c3-6c07-4aba-8691-ccf6d47fccca@spto9drrm5l1d7uopaguucnxohzc3ul2yazxrldzpuoduu.taoziyoyo.com:52714?encryption=none&security=reality&pbk=RfNfTQrdHjY1XK2y0PKrS3ju2axdF96x9DmEynlD-gE&sid=ad5dd2a1d14cf27e&flow=xtls-rprx-vision&sni=www.apple.com&fp=chrome&type=tcp#jack%40taoziyoyo.com
[2024-12-04 11:42:52] [INFO] 正在处理配置文件: client_spt_202412041016/kyler.json
[2024-12-04 11:42:52] [INFO] 已生成 users.json，内容如下：
[
  {
    "user": "kyler@taoziyoyo.com",
    "id": "2284854b-ce0c-4d1b-9eb7-e763b3d1ce78",
    "flow": "xtls-rprx-vision",
    "level": 0,
    "alterId": 0,
    "expire": "2025-12-04T00:00:00Z"
  }
]
[2024-12-04 11:42:52] [INFO] 密钥生成容器 'xray-x25519' 已经在运行。
[2024-12-04 11:42:52] [INFO] Public Key: mbUgOnrnQ6Mn2tQ4AqXAzZ0yRtFfc2705ub1wWDwf3U
[2024-12-04 11:42:52] [INFO] 密钥已保存到 /opt/docker/reality/nodeInfo/reality_kyler 目录。
[2024-12-04 11:42:52] [INFO] 正在启动 Docker 容器：reality_SPTKYL_PZZFAX58
[2024-12-04 11:42:55] [INFO] 容器 reality_SPTKYL_PZZFAX58 启动成功。
[2024-12-04 11:43:00] [INFO] nodeInfo-spt.json 文件已成功创建。
[2024-12-04 11:43:00] [INFO] 已成功将 nodeInfo-spt.json 拷贝到容器的根目录。
[2024-12-04 11:43:00] [INFO] 已生成 nodeInfo-spt.json，内容如下：
[
  {
    "user": "kyler@taoziyoyo.com",
    "id": "2284854b-ce0c-4d1b-9eb7-e763b3d1ce78",
    "expire": "2025-12-04T00:00:00Z",
    "subscription": "vless://2284854b-ce0c-4d1b-9eb7-e763b3d1ce78@spto9drrm5l1d7uopaguucnxohzc3ul2yazxrldzpuoduu.taoziyoyo.com:41507?encryption=none&security=reality&pbk=mbUgOnrnQ6Mn2tQ4AqXAzZ0yRtFfc2705ub1wWDwf3U&sid=eac705715109791b&flow=xtls-rprx-vision&sni=www.apple.com&fp=chrome&type=tcp#kyler%40taoziyoyo.com",
    "country": "US",
    "server": "spt",
    "uid": "PZZFAX58"
  }
]
[2024-12-04 11:43:01] [INFO] nodeInfo-spt.json 已成功复制到共享卷的 node-info/kyler/ 目录。
[2024-12-04 11:43:01] [INFO] 以下是 nodeInfo-spt.json 的内容：
[
  {
    "user": "kyler@taoziyoyo.com",
    "id": "2284854b-ce0c-4d1b-9eb7-e763b3d1ce78",
    "expire": "2025-12-04T00:00:00Z",
    "subscription": "vless://2284854b-ce0c-4d1b-9eb7-e763b3d1ce78@spto9drrm5l1d7uopaguucnxohzc3ul2yazxrldzpuoduu.taoziyoyo.com:41507?encryption=none&security=reality&pbk=mbUgOnrnQ6Mn2tQ4AqXAzZ0yRtFfc2705ub1wWDwf3U&sid=eac705715109791b&flow=xtls-rprx-vision&sni=www.apple.com&fp=chrome&type=tcp#kyler%40taoziyoyo.com",
    "country": "US",
    "server": "spt",
    "uid": "PZZFAX58"
  }
]
[2024-12-04 11:43:01] [INFO] 用户: kyler@taoziyoyo.com
[2024-12-04 11:43:01] [INFO] 订阅链接: vless://2284854b-ce0c-4d1b-9eb7-e763b3d1ce78@spto9drrm5l1d7uopaguucnxohzc3ul2yazxrldzpuoduu.taoziyoyo.com:41507?encryption=none&security=reality&pbk=mbUgOnrnQ6Mn2tQ4AqXAzZ0yRtFfc2705ub1wWDwf3U&sid=eac705715109791b&flow=xtls-rprx-vision&sni=www.apple.com&fp=chrome&type=tcp#kyler%40taoziyoyo.com
[2024-12-04 11:43:01] [INFO] 正在处理配置文件: client_spt_202412041016/night.json
[2024-12-04 11:43:01] [INFO] 已生成 users.json，内容如下：
[
  {
    "user": "night@taoziyoyo.com",
    "id": "224fcf7d-3f70-46d2-8ff9-00c3fbd0eeef",
    "flow": "xtls-rprx-vision",
    "level": 0,
    "alterId": 0,
    "expire": "2025-12-04T00:00:00Z"
  }
]
[2024-12-04 11:43:01] [INFO] 密钥生成容器 'xray-x25519' 已经在运行。
[2024-12-04 11:43:01] [INFO] Public Key: iT6LqYAoFuFtuJW4sCzWCwPKJYuG_LfXea4hIJ2oRiA
[2024-12-04 11:43:01] [INFO] 密钥已保存到 /opt/docker/reality/nodeInfo/reality_night 目录。
[2024-12-04 11:43:01] [INFO] 正在启动 Docker 容器：reality_SPTNIG_7RO1S9W6
[2024-12-04 11:43:04] [INFO] 容器 reality_SPTNIG_7RO1S9W6 启动成功。
[2024-12-04 11:43:10] [INFO] nodeInfo-spt.json 文件已成功创建。
[2024-12-04 11:43:10] [INFO] 已成功将 nodeInfo-spt.json 拷贝到容器的根目录。
[2024-12-04 11:43:10] [INFO] 已生成 nodeInfo-spt.json，内容如下：
[
  {
    "user": "night@taoziyoyo.com",
    "id": "224fcf7d-3f70-46d2-8ff9-00c3fbd0eeef",
    "expire": "2025-12-04T00:00:00Z",
    "subscription": "vless://224fcf7d-3f70-46d2-8ff9-00c3fbd0eeef@spto9drrm5l1d7uopaguucnxohzc3ul2yazxrldzpuoduu.taoziyoyo.com:48808?encryption=none&security=reality&pbk=iT6LqYAoFuFtuJW4sCzWCwPKJYuG_LfXea4hIJ2oRiA&sid=beb890a62412520f&flow=xtls-rprx-vision&sni=www.apple.com&fp=chrome&type=tcp#night%40taoziyoyo.com",
    "country": "US",
    "server": "spt",
    "uid": "7RO1S9W6"
  }
]
[2024-12-04 11:43:10] [INFO] nodeInfo-spt.json 已成功复制到共享卷的 node-info/night/ 目录。
[2024-12-04 11:43:10] [INFO] 以下是 nodeInfo-spt.json 的内容：
[
  {
    "user": "night@taoziyoyo.com",
    "id": "224fcf7d-3f70-46d2-8ff9-00c3fbd0eeef",
    "expire": "2025-12-04T00:00:00Z",
    "subscription": "vless://224fcf7d-3f70-46d2-8ff9-00c3fbd0eeef@spto9drrm5l1d7uopaguucnxohzc3ul2yazxrldzpuoduu.taoziyoyo.com:48808?encryption=none&security=reality&pbk=iT6LqYAoFuFtuJW4sCzWCwPKJYuG_LfXea4hIJ2oRiA&sid=beb890a62412520f&flow=xtls-rprx-vision&sni=www.apple.com&fp=chrome&type=tcp#night%40taoziyoyo.com",
    "country": "US",
    "server": "spt",
    "uid": "7RO1S9W6"
  }
]
[2024-12-04 11:43:10] [INFO] 用户: night@taoziyoyo.com
[2024-12-04 11:43:10] [INFO] 订阅链接: vless://224fcf7d-3f70-46d2-8ff9-00c3fbd0eeef@spto9drrm5l1d7uopaguucnxohzc3ul2yazxrldzpuoduu.taoziyoyo.com:48808?encryption=none&security=reality&pbk=iT6LqYAoFuFtuJW4sCzWCwPKJYuG_LfXea4hIJ2oRiA&sid=beb890a62412520f&flow=xtls-rprx-vision&sni=www.apple.com&fp=chrome&type=tcp#night%40taoziyoyo.com
[2024-12-04 11:43:10] [INFO] 正在处理配置文件: client_spt_202412041016/qin.json
[2024-12-04 11:43:11] [INFO] 已生成 users.json，内容如下：
[
  {
    "user": "qin@taoziyoyo.com",
    "id": "7a0a6f42-8f11-45f8-ab5c-8e8c9255e826",
    "flow": "xtls-rprx-vision",
    "level": 0,
    "alterId": 0,
    "expire": "2025-12-04T00:00:00Z"
  }
]
[2024-12-04 11:43:11] [INFO] 密钥生成容器 'xray-x25519' 已经在运行。
[2024-12-04 11:43:11] [INFO] Public Key: OOjjzNk98moQHLIzs9FeuBJ5MKqy4A_yI1XBpYcnJng
[2024-12-04 11:43:11] [INFO] 密钥已保存到 /opt/docker/reality/nodeInfo/reality_qin 目录。
[2024-12-04 11:43:11] [INFO] 正在启动 Docker 容器：reality_SPTQIN_6MPXMMPA
[2024-12-04 11:43:14] [INFO] 容器 reality_SPTQIN_6MPXMMPA 启动成功。
[2024-12-04 11:43:19] [INFO] nodeInfo-spt.json 文件已成功创建。
[2024-12-04 11:43:19] [INFO] 已成功将 nodeInfo-spt.json 拷贝到容器的根目录。
[2024-12-04 11:43:19] [INFO] 已生成 nodeInfo-spt.json，内容如下：
[
  {
    "user": "qin@taoziyoyo.com",
    "id": "7a0a6f42-8f11-45f8-ab5c-8e8c9255e826",
    "expire": "2025-12-04T00:00:00Z",
    "subscription": "vless://7a0a6f42-8f11-45f8-ab5c-8e8c9255e826@spto9drrm5l1d7uopaguucnxohzc3ul2yazxrldzpuoduu.taoziyoyo.com:52599?encryption=none&security=reality&pbk=OOjjzNk98moQHLIzs9FeuBJ5MKqy4A_yI1XBpYcnJng&sid=75137181511f63e2&flow=xtls-rprx-vision&sni=www.apple.com&fp=chrome&type=tcp#qin%40taoziyoyo.com",
    "country": "US",
    "server": "spt",
    "uid": "6MPXMMPA"
  }
]
[2024-12-04 11:43:20] [INFO] nodeInfo-spt.json 已成功复制到共享卷的 node-info/qin/ 目录。
[2024-12-04 11:43:20] [INFO] 以下是 nodeInfo-spt.json 的内容：
[
  {
    "user": "qin@taoziyoyo.com",
    "id": "7a0a6f42-8f11-45f8-ab5c-8e8c9255e826",
    "expire": "2025-12-04T00:00:00Z",
    "subscription": "vless://7a0a6f42-8f11-45f8-ab5c-8e8c9255e826@spto9drrm5l1d7uopaguucnxohzc3ul2yazxrldzpuoduu.taoziyoyo.com:52599?encryption=none&security=reality&pbk=OOjjzNk98moQHLIzs9FeuBJ5MKqy4A_yI1XBpYcnJng&sid=75137181511f63e2&flow=xtls-rprx-vision&sni=www.apple.com&fp=chrome&type=tcp#qin%40taoziyoyo.com",
    "country": "US",
    "server": "spt",
    "uid": "6MPXMMPA"
  }
]
[2024-12-04 11:43:20] [INFO] 用户: qin@taoziyoyo.com
[2024-12-04 11:43:20] [INFO] 订阅链接: vless://7a0a6f42-8f11-45f8-ab5c-8e8c9255e826@spto9drrm5l1d7uopaguucnxohzc3ul2yazxrldzpuoduu.taoziyoyo.com:52599?encryption=none&security=reality&pbk=OOjjzNk98moQHLIzs9FeuBJ5MKqy4A_yI1XBpYcnJng&sid=75137181511f63e2&flow=xtls-rprx-vision&sni=www.apple.com&fp=chrome&type=tcp#qin%40taoziyoyo.com
[2024-12-04 11:43:20] [INFO] 正在处理配置文件: client_spt_202412041016/test2.json
[2024-12-04 11:43:20] [INFO] 已生成 users.json，内容如下：
[
  {
    "user": "test2@taoziyoyo.com",
    "id": "3fa81531-7c62-45f8-91cb-9f57058f52e1",
    "flow": "xtls-rprx-vision",
    "level": 0,
    "alterId": 0,
    "expire": "2025-12-04T00:00:00Z"
  }
]
[2024-12-04 11:43:20] [INFO] 密钥生成容器 'xray-x25519' 已经在运行。
[2024-12-04 11:43:20] [INFO] Public Key: vxR-LMKCVCdIX1PbtXyIi4J1uBGzlmA_nko6K2eySwk
[2024-12-04 11:43:20] [INFO] 密钥已保存到 /opt/docker/reality/nodeInfo/reality_test2 目录。
[2024-12-04 11:43:20] [INFO] 正在启动 Docker 容器：reality_SPTTES_JSOI6S8A
[2024-12-04 11:43:23] [INFO] 容器 reality_SPTTES_JSOI6S8A 启动成功。
[2024-12-04 11:43:28] [INFO] nodeInfo-spt.json 文件已成功创建。
[2024-12-04 11:43:29] [INFO] 已成功将 nodeInfo-spt.json 拷贝到容器的根目录。
[2024-12-04 11:43:29] [INFO] 已生成 nodeInfo-spt.json，内容如下：
[
  {
    "user": "test2@taoziyoyo.com",
    "id": "3fa81531-7c62-45f8-91cb-9f57058f52e1",
    "expire": "2025-12-04T00:00:00Z",
    "subscription": "vless://3fa81531-7c62-45f8-91cb-9f57058f52e1@spto9drrm5l1d7uopaguucnxohzc3ul2yazxrldzpuoduu.taoziyoyo.com:23383?encryption=none&security=reality&pbk=vxR-LMKCVCdIX1PbtXyIi4J1uBGzlmA_nko6K2eySwk&sid=39de1b582cea81f1&flow=xtls-rprx-vision&sni=www.apple.com&fp=chrome&type=tcp#test2%40taoziyoyo.com",
    "country": "US",
    "server": "spt",
    "uid": "JSOI6S8A"
  }
]
[2024-12-04 11:43:29] [INFO] nodeInfo-spt.json 已成功复制到共享卷的 node-info/test2/ 目录。
[2024-12-04 11:43:29] [INFO] 以下是 nodeInfo-spt.json 的内容：
[
  {
    "user": "test2@taoziyoyo.com",
    "id": "3fa81531-7c62-45f8-91cb-9f57058f52e1",
    "expire": "2025-12-04T00:00:00Z",
    "subscription": "vless://3fa81531-7c62-45f8-91cb-9f57058f52e1@spto9drrm5l1d7uopaguucnxohzc3ul2yazxrldzpuoduu.taoziyoyo.com:23383?encryption=none&security=reality&pbk=vxR-LMKCVCdIX1PbtXyIi4J1uBGzlmA_nko6K2eySwk&sid=39de1b582cea81f1&flow=xtls-rprx-vision&sni=www.apple.com&fp=chrome&type=tcp#test2%40taoziyoyo.com",
    "country": "US",
    "server": "spt",
    "uid": "JSOI6S8A"
  }
]
[2024-12-04 11:43:29] [INFO] 用户: test2@taoziyoyo.com
[2024-12-04 11:43:29] [INFO] 订阅链接: vless://3fa81531-7c62-45f8-91cb-9f57058f52e1@spto9drrm5l1d7uopaguucnxohzc3ul2yazxrldzpuoduu.taoziyoyo.com:23383?encryption=none&security=reality&pbk=vxR-LMKCVCdIX1PbtXyIi4J1uBGzlmA_nko6K2eySwk&sid=39de1b582cea81f1&flow=xtls-rprx-vision&sni=www.apple.com&fp=chrome&type=tcp#test2%40taoziyoyo.com
[2024-12-04 11:43:29] [INFO] 正在处理配置文件: client_spt_202412041016/test3.json
[2024-12-04 11:43:29] [INFO] 已生成 users.json，内容如下：
[
  {
    "user": "test3@taoziyoyo.com",
    "id": "cda09608-4b13-42b4-9800-73af18787690",
    "flow": "xtls-rprx-vision",
    "level": 0,
    "alterId": 0,
    "expire": "2025-12-04T00:00:00Z"
  }
]
[2024-12-04 11:43:29] [INFO] 密钥生成容器 'xray-x25519' 已经在运行。
[2024-12-04 11:43:29] [INFO] Public Key: XD1N3QlMyRvSblqPybMY3tR0obhQ16rzBGNo1s9geUY
[2024-12-04 11:43:29] [INFO] 密钥已保存到 /opt/docker/reality/nodeInfo/reality_test3 目录。
[2024-12-04 11:43:29] [INFO] 正在启动 Docker 容器：reality_SPTTES_F7SLG278
[2024-12-04 11:43:33] [INFO] 容器 reality_SPTTES_F7SLG278 启动成功。
[2024-12-04 11:43:38] [INFO] nodeInfo-spt.json 文件已成功创建。
[2024-12-04 11:43:38] [INFO] 已成功将 nodeInfo-spt.json 拷贝到容器的根目录。
[2024-12-04 11:43:38] [INFO] 已生成 nodeInfo-spt.json，内容如下：
[
  {
    "user": "test3@taoziyoyo.com",
    "id": "cda09608-4b13-42b4-9800-73af18787690",
    "expire": "2025-12-04T00:00:00Z",
    "subscription": "vless://cda09608-4b13-42b4-9800-73af18787690@spto9drrm5l1d7uopaguucnxohzc3ul2yazxrldzpuoduu.taoziyoyo.com:50793?encryption=none&security=reality&pbk=XD1N3QlMyRvSblqPybMY3tR0obhQ16rzBGNo1s9geUY&sid=4b542c2d7375f1d5&flow=xtls-rprx-vision&sni=www.apple.com&fp=chrome&type=tcp#test3%40taoziyoyo.com",
    "country": "US",
    "server": "spt",
    "uid": "F7SLG278"
  }
]
[2024-12-04 11:43:39] [INFO] nodeInfo-spt.json 已成功复制到共享卷的 node-info/test3/ 目录。
[2024-12-04 11:43:39] [INFO] 以下是 nodeInfo-spt.json 的内容：
[
  {
    "user": "test3@taoziyoyo.com",
    "id": "cda09608-4b13-42b4-9800-73af18787690",
    "expire": "2025-12-04T00:00:00Z",
    "subscription": "vless://cda09608-4b13-42b4-9800-73af18787690@spto9drrm5l1d7uopaguucnxohzc3ul2yazxrldzpuoduu.taoziyoyo.com:50793?encryption=none&security=reality&pbk=XD1N3QlMyRvSblqPybMY3tR0obhQ16rzBGNo1s9geUY&sid=4b542c2d7375f1d5&flow=xtls-rprx-vision&sni=www.apple.com&fp=chrome&type=tcp#test3%40taoziyoyo.com",
    "country": "US",
    "server": "spt",
    "uid": "F7SLG278"
  }
]
[2024-12-04 11:43:39] [INFO] 用户: test3@taoziyoyo.com
[2024-12-04 11:43:39] [INFO] 订阅链接: vless://cda09608-4b13-42b4-9800-73af18787690@spto9drrm5l1d7uopaguucnxohzc3ul2yazxrldzpuoduu.taoziyoyo.com:50793?encryption=none&security=reality&pbk=XD1N3QlMyRvSblqPybMY3tR0obhQ16rzBGNo1s9geUY&sid=4b542c2d7375f1d5&flow=xtls-rprx-vision&sni=www.apple.com&fp=chrome&type=tcp#test3%40taoziyoyo.com
[2024-12-04 11:43:39] [INFO] 正在处理配置文件: client_spt_202412041016/test.json
[2024-12-04 11:43:39] [INFO] 已生成 users.json，内容如下：
[
  {
    "user": "test@taoziyoyo.com",
    "id": "d842b2a0-d409-483c-b14a-6ae1377a88cc",
    "flow": "xtls-rprx-vision",
    "level": 0,
    "alterId": 0,
    "expire": "2025-12-04T00:00:00Z"
  }
]
[2024-12-04 11:43:39] [INFO] 密钥生成容器 'xray-x25519' 已经在运行。
[2024-12-04 11:43:39] [INFO] Public Key: o3XRaMwELU9g0rl_NZpJSr2z3aqFIRnuuro2f3BQqwE
[2024-12-04 11:43:39] [INFO] 密钥已保存到 /opt/docker/reality/nodeInfo/reality_test 目录。
[2024-12-04 11:43:39] [INFO] 正在启动 Docker 容器：reality_SPTTES_NUSH63IB
[2024-12-04 11:43:42] [INFO] 容器 reality_SPTTES_NUSH63IB 启动成功。
[2024-12-04 11:43:47] [INFO] nodeInfo-spt.json 文件已成功创建。
[2024-12-04 11:43:47] [INFO] 已成功将 nodeInfo-spt.json 拷贝到容器的根目录。
[2024-12-04 11:43:47] [INFO] 已生成 nodeInfo-spt.json，内容如下：
[
  {
    "user": "test@taoziyoyo.com",
    "id": "d842b2a0-d409-483c-b14a-6ae1377a88cc",
    "expire": "2025-12-04T00:00:00Z",
    "subscription": "vless://d842b2a0-d409-483c-b14a-6ae1377a88cc@spto9drrm5l1d7uopaguucnxohzc3ul2yazxrldzpuoduu.taoziyoyo.com:52278?encryption=none&security=reality&pbk=o3XRaMwELU9g0rl_NZpJSr2z3aqFIRnuuro2f3BQqwE&sid=44b066ffd2266852&flow=xtls-rprx-vision&sni=www.apple.com&fp=chrome&type=tcp#test%40taoziyoyo.com",
    "country": "US",
    "server": "spt",
    "uid": "NUSH63IB"
  }
]
[2024-12-04 11:43:48] [INFO] nodeInfo-spt.json 已成功复制到共享卷的 node-info/test/ 目录。
[2024-12-04 11:43:48] [INFO] 以下是 nodeInfo-spt.json 的内容：
[
  {
    "user": "test@taoziyoyo.com",
    "id": "d842b2a0-d409-483c-b14a-6ae1377a88cc",
    "expire": "2025-12-04T00:00:00Z",
    "subscription": "vless://d842b2a0-d409-483c-b14a-6ae1377a88cc@spto9drrm5l1d7uopaguucnxohzc3ul2yazxrldzpuoduu.taoziyoyo.com:52278?encryption=none&security=reality&pbk=o3XRaMwELU9g0rl_NZpJSr2z3aqFIRnuuro2f3BQqwE&sid=44b066ffd2266852&flow=xtls-rprx-vision&sni=www.apple.com&fp=chrome&type=tcp#test%40taoziyoyo.com",
    "country": "US",
    "server": "spt",
    "uid": "NUSH63IB"
  }
]
[2024-12-04 11:43:48] [INFO] 用户: test@taoziyoyo.com
[2024-12-04 11:43:48] [INFO] 订阅链接: vless://d842b2a0-d409-483c-b14a-6ae1377a88cc@spto9drrm5l1d7uopaguucnxohzc3ul2yazxrldzpuoduu.taoziyoyo.com:52278?encryption=none&security=reality&pbk=o3XRaMwELU9g0rl_NZpJSr2z3aqFIRnuuro2f3BQqwE&sid=44b066ffd2266852&flow=xtls-rprx-vision&sni=www.apple.com&fp=chrome&type=tcp#test%40taoziyoyo.com
[2024-12-04 11:43:48] [INFO] 正在处理配置文件: client_spt_202412041016/test,test2,test3.json
[2024-12-04 11:43:48] [INFO] 已生成 users.json，内容如下：
[
  {
    "user": "test",
    "id": "1ad90271-3386-4512-8fe4-253005148ee3",
    "flow": "xtls-rprx-vision",
    "level": 0,
    "alterId": 0,
    "expire": "2025-12-04T00:00:00Z"
  },
  {
    "user": "test2",
    "id": "caa041da-9cb6-4666-90ac-3bdef8012b8d",
    "flow": "xtls-rprx-vision",
    "level": 0,
    "alterId": 0,
    "expire": "2025-12-04T00:00:00Z"
  },
  {
    "user": "test3@taoziyoyo.com",
    "id": "8e0ac185-e2df-4215-8b6e-0ff0c6a4fabf",
    "flow": "xtls-rprx-vision",
    "level": 0,
    "alterId": 0,
    "expire": "2025-12-04T00:00:00Z"
  }
]
[2024-12-04 11:43:48] [INFO] 密钥生成容器 'xray-x25519' 已经在运行。
[2024-12-04 11:43:48] [INFO] Public Key: oWG1Wd1R-q-qC0wWlr1Qrr6Y2ySPotAU13cRGF0-wiY
[2024-12-04 11:43:48] [INFO] 密钥已保存到 /opt/docker/reality/nodeInfo/reality_test,test2,test3 目录。
[2024-12-04 11:43:48] [INFO] 正在启动 Docker 容器：reality_ALPTES_5F7Y382U
[2024-12-04 11:43:52] [INFO] 容器 reality_ALPTES_5F7Y382U 启动成功。
[2024-12-04 11:43:57] [INFO] nodeInfo-alp.json 文件已成功创建。
[2024-12-04 11:43:57] [INFO] 已成功将 nodeInfo-alp.json 拷贝到容器的根目录。
[2024-12-04 11:43:57] [INFO] 已生成 nodeInfo-alp.json，内容如下：
[
  {
    "user": "test",
    "id": "1ad90271-3386-4512-8fe4-253005148ee3",
    "expire": "2025-12-04T00:00:00Z",
    "subscription": "vless://1ad90271-3386-4512-8fe4-253005148ee3@alpo9drrm5l1d7uopaguucnxohzc3ul2yazxrldzpuoduu.taoziyoyo.com:26978?encryption=none&security=reality&pbk=oWG1Wd1R-q-qC0wWlr1Qrr6Y2ySPotAU13cRGF0-wiY&sid=67631a1085cc7272&flow=xtls-rprx-vision&sni=www.apple.com&fp=chrome&type=tcp#test",
    "country": "US",
    "server": "alp",
    "uid": "5F7Y382U"
  },
  {
    "user": "test2",
    "id": "caa041da-9cb6-4666-90ac-3bdef8012b8d",
    "expire": "2025-12-04T00:00:00Z",
    "subscription": "vless://caa041da-9cb6-4666-90ac-3bdef8012b8d@alpo9drrm5l1d7uopaguucnxohzc3ul2yazxrldzpuoduu.taoziyoyo.com:26978?encryption=none&security=reality&pbk=oWG1Wd1R-q-qC0wWlr1Qrr6Y2ySPotAU13cRGF0-wiY&sid=67631a1085cc7272&flow=xtls-rprx-vision&sni=www.apple.com&fp=chrome&type=tcp#test2",
    "country": "US",
    "server": "alp",
    "uid": "5F7Y382U"
  },
  {
    "user": "test3@taoziyoyo.com",
    "id": "8e0ac185-e2df-4215-8b6e-0ff0c6a4fabf",
    "expire": "2025-12-04T00:00:00Z",
    "subscription": "vless://8e0ac185-e2df-4215-8b6e-0ff0c6a4fabf@alpo9drrm5l1d7uopaguucnxohzc3ul2yazxrldzpuoduu.taoziyoyo.com:26978?encryption=none&security=reality&pbk=oWG1Wd1R-q-qC0wWlr1Qrr6Y2ySPotAU13cRGF0-wiY&sid=67631a1085cc7272&flow=xtls-rprx-vision&sni=www.apple.com&fp=chrome&type=tcp#test3%40taoziyoyo.com",
    "country": "US",
    "server": "alp",
    "uid": "5F7Y382U"
  }
]
[2024-12-04 11:43:58] [INFO] nodeInfo-alp.json 已成功复制到共享卷的 node-info/test,test2,test3/ 目录。
[2024-12-04 11:43:58] [INFO] 以下是 nodeInfo-alp.json 的内容：
[
  {
    "user": "test",
    "id": "1ad90271-3386-4512-8fe4-253005148ee3",
    "expire": "2025-12-04T00:00:00Z",
    "subscription": "vless://1ad90271-3386-4512-8fe4-253005148ee3@alpo9drrm5l1d7uopaguucnxohzc3ul2yazxrldzpuoduu.taoziyoyo.com:26978?encryption=none&security=reality&pbk=oWG1Wd1R-q-qC0wWlr1Qrr6Y2ySPotAU13cRGF0-wiY&sid=67631a1085cc7272&flow=xtls-rprx-vision&sni=www.apple.com&fp=chrome&type=tcp#test",
    "country": "US",
    "server": "alp",
    "uid": "5F7Y382U"
  },
  {
    "user": "test2",
    "id": "caa041da-9cb6-4666-90ac-3bdef8012b8d",
    "expire": "2025-12-04T00:00:00Z",
    "subscription": "vless://caa041da-9cb6-4666-90ac-3bdef8012b8d@alpo9drrm5l1d7uopaguucnxohzc3ul2yazxrldzpuoduu.taoziyoyo.com:26978?encryption=none&security=reality&pbk=oWG1Wd1R-q-qC0wWlr1Qrr6Y2ySPotAU13cRGF0-wiY&sid=67631a1085cc7272&flow=xtls-rprx-vision&sni=www.apple.com&fp=chrome&type=tcp#test2",
    "country": "US",
    "server": "alp",
    "uid": "5F7Y382U"
  },
  {
    "user": "test3@taoziyoyo.com",
    "id": "8e0ac185-e2df-4215-8b6e-0ff0c6a4fabf",
    "expire": "2025-12-04T00:00:00Z",
    "subscription": "vless://8e0ac185-e2df-4215-8b6e-0ff0c6a4fabf@alpo9drrm5l1d7uopaguucnxohzc3ul2yazxrldzpuoduu.taoziyoyo.com:26978?encryption=none&security=reality&pbk=oWG1Wd1R-q-qC0wWlr1Qrr6Y2ySPotAU13cRGF0-wiY&sid=67631a1085cc7272&flow=xtls-rprx-vision&sni=www.apple.com&fp=chrome&type=tcp#test3%40taoziyoyo.com",
    "country": "US",
    "server": "alp",
    "uid": "5F7Y382U"
  }
]
[2024-12-04 11:43:58] [INFO] 用户: test
[2024-12-04 11:43:58] [INFO] 订阅链接: vless://1ad90271-3386-4512-8fe4-253005148ee3@alpo9drrm5l1d7uopaguucnxohzc3ul2yazxrldzpuoduu.taoziyoyo.com:26978?encryption=none&security=reality&pbk=oWG1Wd1R-q-qC0wWlr1Qrr6Y2ySPotAU13cRGF0-wiY&sid=67631a1085cc7272&flow=xtls-rprx-vision&sni=www.apple.com&fp=chrome&type=tcp#test
[2024-12-04 11:43:58] [INFO] 用户: test2
[2024-12-04 11:43:58] [INFO] 订阅链接: vless://caa041da-9cb6-4666-90ac-3bdef8012b8d@alpo9drrm5l1d7uopaguucnxohzc3ul2yazxrldzpuoduu.taoziyoyo.com:26978?encryption=none&security=reality&pbk=oWG1Wd1R-q-qC0wWlr1Qrr6Y2ySPotAU13cRGF0-wiY&sid=67631a1085cc7272&flow=xtls-rprx-vision&sni=www.apple.com&fp=chrome&type=tcp#test2
[2024-12-04 11:43:58] [INFO] 用户: test3@taoziyoyo.com
[2024-12-04 11:43:58] [INFO] 订阅链接: vless://8e0ac185-e2df-4215-8b6e-0ff0c6a4fabf@alpo9drrm5l1d7uopaguucnxohzc3ul2yazxrldzpuoduu.taoziyoyo.com:26978?encryption=none&security=reality&pbk=oWG1Wd1R-q-qC0wWlr1Qrr6Y2ySPotAU13cRGF0-wiY&sid=67631a1085cc7272&flow=xtls-rprx-vision&sni=www.apple.com&fp=chrome&type=tcp#test3%40taoziyoyo.com
[2024-12-04 11:43:58] [INFO] 操作成功完成。
[2024-12-04 11:57:18] [INFO] 跳过 Docker 镜像构建，使用现有镜像。
[2024-12-04 11:57:18] [INFO] 使用现有的镜像：vless_reality:v10_20241202163504
[2024-12-04 11:57:18] [INFO] 正在处理配置文件: client_spt_202412041016/ceci.json
[2024-12-04 11:57:18] [INFO] 已生成 users.json，内容如下：
[
  {
    "user": "ceci@taoziyoyo.com",
    "id": "5b5b74a6-f88a-4777-b759-96c9e1ba7997",
    "flow": "xtls-rprx-vision",
    "level": 0,
    "alterId": 0,
    "expire": "2025-12-04T00:00:00Z"
  }
]
[2024-12-04 11:57:18] [INFO] 密钥生成容器 'xray-x25519' 已经在运行。
[2024-12-04 11:57:18] [INFO] Public Key: wNa__m5lFZLXZVnViAAg8QbB3oXmSpwwQS1d4Oz-bgo
[2024-12-04 11:57:18] [INFO] 密钥已保存到 /opt/docker/reality/nodeInfo/reality_ceci 目录。
[2024-12-04 11:57:18] [INFO] 正在启动 Docker 容器：reality_SPTCEC_JIULEZK1
[2024-12-04 11:57:21] [INFO] 容器 reality_SPTCEC_JIULEZK1 启动成功。
[2024-12-04 11:57:27] [INFO] nodeInfo-spt.json 文件已成功创建。
[2024-12-04 11:57:27] [INFO] 已成功将 nodeInfo-spt.json 拷贝到容器的根目录。
[2024-12-04 11:57:27] [INFO] 已生成 nodeInfo-spt.json，内容如下：
[
  {
    "user": "ceci@taoziyoyo.com",
    "id": "5b5b74a6-f88a-4777-b759-96c9e1ba7997",
    "expire": "2025-12-04T00:00:00Z",
    "subscription": "vless://5b5b74a6-f88a-4777-b759-96c9e1ba7997@spto9drrm5l1d7uopaguucnxohzc3ul2yazxrldzpuoduu.taoziyoyo.com:49088?encryption=none&security=reality&pbk=wNa__m5lFZLXZVnViAAg8QbB3oXmSpwwQS1d4Oz-bgo&sid=f4e87e7c32e7d63d&flow=xtls-rprx-vision&sni=www.apple.com&fp=chrome&type=tcp#ceci%40taoziyoyo.com",
    "country": "US",
    "server": "spt",
    "uid": "JIULEZK1"
  }
]
[2024-12-04 11:57:27] [INFO] nodeInfo-spt.json 已成功复制到共享卷的 node-info/ceci/ 目录。
[2024-12-04 11:57:27] [INFO] 以下是 nodeInfo-spt.json 的内容：
[
  {
    "user": "ceci@taoziyoyo.com",
    "id": "5b5b74a6-f88a-4777-b759-96c9e1ba7997",
    "expire": "2025-12-04T00:00:00Z",
    "subscription": "vless://5b5b74a6-f88a-4777-b759-96c9e1ba7997@spto9drrm5l1d7uopaguucnxohzc3ul2yazxrldzpuoduu.taoziyoyo.com:49088?encryption=none&security=reality&pbk=wNa__m5lFZLXZVnViAAg8QbB3oXmSpwwQS1d4Oz-bgo&sid=f4e87e7c32e7d63d&flow=xtls-rprx-vision&sni=www.apple.com&fp=chrome&type=tcp#ceci%40taoziyoyo.com",
    "country": "US",
    "server": "spt",
    "uid": "JIULEZK1"
  }
]
[2024-12-04 11:57:27] [INFO] 用户: ceci@taoziyoyo.com
[2024-12-04 11:57:27] [INFO] 订阅链接: vless://5b5b74a6-f88a-4777-b759-96c9e1ba7997@spto9drrm5l1d7uopaguucnxohzc3ul2yazxrldzpuoduu.taoziyoyo.com:49088?encryption=none&security=reality&pbk=wNa__m5lFZLXZVnViAAg8QbB3oXmSpwwQS1d4Oz-bgo&sid=f4e87e7c32e7d63d&flow=xtls-rprx-vision&sni=www.apple.com&fp=chrome&type=tcp#ceci%40taoziyoyo.com
[2024-12-04 11:57:27] [INFO] 正在处理配置文件: client_spt_202412041016/han.json
[2024-12-04 11:57:28] [INFO] 已生成 users.json，内容如下：
[
  {
    "user": "han@taoziyoyo.com",
    "id": "08650c57-6de4-466b-8776-66e02dce1955",
    "flow": "xtls-rprx-vision",
    "level": 0,
    "alterId": 0,
    "expire": "2025-12-04T00:00:00Z"
  }
]
[2024-12-04 11:57:28] [INFO] 密钥生成容器 'xray-x25519' 已经在运行。
[2024-12-04 11:57:28] [INFO] Public Key: b_vkAD1na1pqR3Tvh0giEktfbAdtXOFEK5V-e6VL73g
[2024-12-04 11:57:28] [INFO] 密钥已保存到 /opt/docker/reality/nodeInfo/reality_han 目录。
[2024-12-04 11:57:28] [INFO] 正在启动 Docker 容器：reality_SPTHAN_MAHP3VEL
[2024-12-04 11:57:31] [INFO] 容器 reality_SPTHAN_MAHP3VEL 启动成功。
[2024-12-04 11:57:36] [INFO] nodeInfo-spt.json 文件已成功创建。
[2024-12-04 11:57:36] [INFO] 已成功将 nodeInfo-spt.json 拷贝到容器的根目录。
[2024-12-04 11:57:36] [INFO] 已生成 nodeInfo-spt.json，内容如下：
[
  {
    "user": "han@taoziyoyo.com",
    "id": "08650c57-6de4-466b-8776-66e02dce1955",
    "expire": "2025-12-04T00:00:00Z",
    "subscription": "vless://08650c57-6de4-466b-8776-66e02dce1955@spto9drrm5l1d7uopaguucnxohzc3ul2yazxrldzpuoduu.taoziyoyo.com:20429?encryption=none&security=reality&pbk=b_vkAD1na1pqR3Tvh0giEktfbAdtXOFEK5V-e6VL73g&sid=59e6c6749c58d799&flow=xtls-rprx-vision&sni=www.apple.com&fp=chrome&type=tcp#han%40taoziyoyo.com",
    "country": "US",
    "server": "spt",
    "uid": "MAHP3VEL"
  }
]
[2024-12-04 11:57:37] [INFO] nodeInfo-spt.json 已成功复制到共享卷的 node-info/han/ 目录。
[2024-12-04 11:57:37] [INFO] 以下是 nodeInfo-spt.json 的内容：
[
  {
    "user": "han@taoziyoyo.com",
    "id": "08650c57-6de4-466b-8776-66e02dce1955",
    "expire": "2025-12-04T00:00:00Z",
    "subscription": "vless://08650c57-6de4-466b-8776-66e02dce1955@spto9drrm5l1d7uopaguucnxohzc3ul2yazxrldzpuoduu.taoziyoyo.com:20429?encryption=none&security=reality&pbk=b_vkAD1na1pqR3Tvh0giEktfbAdtXOFEK5V-e6VL73g&sid=59e6c6749c58d799&flow=xtls-rprx-vision&sni=www.apple.com&fp=chrome&type=tcp#han%40taoziyoyo.com",
    "country": "US",
    "server": "spt",
    "uid": "MAHP3VEL"
  }
]
[2024-12-04 11:57:37] [INFO] 用户: han@taoziyoyo.com
[2024-12-04 11:57:37] [INFO] 订阅链接: vless://08650c57-6de4-466b-8776-66e02dce1955@spto9drrm5l1d7uopaguucnxohzc3ul2yazxrldzpuoduu.taoziyoyo.com:20429?encryption=none&security=reality&pbk=b_vkAD1na1pqR3Tvh0giEktfbAdtXOFEK5V-e6VL73g&sid=59e6c6749c58d799&flow=xtls-rprx-vision&sni=www.apple.com&fp=chrome&type=tcp#han%40taoziyoyo.com
[2024-12-04 11:57:37] [INFO] 正在处理配置文件: client_spt_202412041016/iceberg.json
[2024-12-04 11:57:37] [INFO] 已生成 users.json，内容如下：
[
  {
    "user": "iceberg@taoziyoyo.com",
    "id": "4f7740f8-994f-475a-b458-ca291a5ac9b8",
    "flow": "xtls-rprx-vision",
    "level": 0,
    "alterId": 0,
    "expire": "2025-12-04T00:00:00Z"
  }
]
[2024-12-04 11:57:37] [INFO] 密钥生成容器 'xray-x25519' 已经在运行。
[2024-12-04 11:57:37] [INFO] Public Key: BpiPnWy5wPd6W2qh61KXDB9rAG4KuJSuQ2Oe5Jp-tHM
[2024-12-04 11:57:37] [INFO] 密钥已保存到 /opt/docker/reality/nodeInfo/reality_iceberg 目录。
[2024-12-04 11:57:37] [INFO] 正在启动 Docker 容器：reality_SPTICE_LYLR63YG
[2024-12-04 11:57:40] [INFO] 容器 reality_SPTICE_LYLR63YG 启动成功。
[2024-12-04 11:57:45] [INFO] nodeInfo-spt.json 文件已成功创建。
[2024-12-04 11:57:46] [INFO] 已成功将 nodeInfo-spt.json 拷贝到容器的根目录。
[2024-12-04 11:57:46] [INFO] 已生成 nodeInfo-spt.json，内容如下：
[
  {
    "user": "iceberg@taoziyoyo.com",
    "id": "4f7740f8-994f-475a-b458-ca291a5ac9b8",
    "expire": "2025-12-04T00:00:00Z",
    "subscription": "vless://4f7740f8-994f-475a-b458-ca291a5ac9b8@spto9drrm5l1d7uopaguucnxohzc3ul2yazxrldzpuoduu.taoziyoyo.com:30554?encryption=none&security=reality&pbk=BpiPnWy5wPd6W2qh61KXDB9rAG4KuJSuQ2Oe5Jp-tHM&sid=b628e2e3480341f5&flow=xtls-rprx-vision&sni=www.apple.com&fp=chrome&type=tcp#iceberg%40taoziyoyo.com",
    "country": "US",
    "server": "spt",
    "uid": "LYLR63YG"
  }
]
[2024-12-04 11:57:46] [INFO] nodeInfo-spt.json 已成功复制到共享卷的 node-info/iceberg/ 目录。
[2024-12-04 11:57:46] [INFO] 以下是 nodeInfo-spt.json 的内容：
[
  {
    "user": "iceberg@taoziyoyo.com",
    "id": "4f7740f8-994f-475a-b458-ca291a5ac9b8",
    "expire": "2025-12-04T00:00:00Z",
    "subscription": "vless://4f7740f8-994f-475a-b458-ca291a5ac9b8@spto9drrm5l1d7uopaguucnxohzc3ul2yazxrldzpuoduu.taoziyoyo.com:30554?encryption=none&security=reality&pbk=BpiPnWy5wPd6W2qh61KXDB9rAG4KuJSuQ2Oe5Jp-tHM&sid=b628e2e3480341f5&flow=xtls-rprx-vision&sni=www.apple.com&fp=chrome&type=tcp#iceberg%40taoziyoyo.com",
    "country": "US",
    "server": "spt",
    "uid": "LYLR63YG"
  }
]
[2024-12-04 11:57:46] [INFO] 用户: iceberg@taoziyoyo.com
[2024-12-04 11:57:46] [INFO] 订阅链接: vless://4f7740f8-994f-475a-b458-ca291a5ac9b8@spto9drrm5l1d7uopaguucnxohzc3ul2yazxrldzpuoduu.taoziyoyo.com:30554?encryption=none&security=reality&pbk=BpiPnWy5wPd6W2qh61KXDB9rAG4KuJSuQ2Oe5Jp-tHM&sid=b628e2e3480341f5&flow=xtls-rprx-vision&sni=www.apple.com&fp=chrome&type=tcp#iceberg%40taoziyoyo.com
[2024-12-04 11:57:46] [INFO] 正在处理配置文件: client_spt_202412041016/jack.json
[2024-12-04 11:57:46] [INFO] 已生成 users.json，内容如下：
[
  {
    "user": "jack@taoziyoyo.com",
    "id": "7ca1b248-3eb1-490c-be90-5ddee7338abf",
    "flow": "xtls-rprx-vision",
    "level": 0,
    "alterId": 0,
    "expire": "2025-12-04T00:00:00Z"
  }
]
[2024-12-04 11:57:46] [INFO] 密钥生成容器 'xray-x25519' 已经在运行。
[2024-12-04 11:57:46] [INFO] Public Key: P3d137zGdCgL-Pp_T-W7G53S9PxZOeZn6h9tT8qfeyI
[2024-12-04 11:57:46] [INFO] 密钥已保存到 /opt/docker/reality/nodeInfo/reality_jack 目录。
[2024-12-04 11:57:47] [INFO] 正在启动 Docker 容器：reality_SPTJAC_INLMNWKA
[2024-12-04 11:57:50] [INFO] 容器 reality_SPTJAC_INLMNWKA 启动成功。
[2024-12-04 11:57:55] [INFO] nodeInfo-spt.json 文件已成功创建。
[2024-12-04 11:57:55] [INFO] 已成功将 nodeInfo-spt.json 拷贝到容器的根目录。
[2024-12-04 11:57:55] [INFO] 已生成 nodeInfo-spt.json，内容如下：
[
  {
    "user": "jack@taoziyoyo.com",
    "id": "7ca1b248-3eb1-490c-be90-5ddee7338abf",
    "expire": "2025-12-04T00:00:00Z",
    "subscription": "vless://7ca1b248-3eb1-490c-be90-5ddee7338abf@spto9drrm5l1d7uopaguucnxohzc3ul2yazxrldzpuoduu.taoziyoyo.com:52714?encryption=none&security=reality&pbk=P3d137zGdCgL-Pp_T-W7G53S9PxZOeZn6h9tT8qfeyI&sid=4f3ebfc83ba8dddf&flow=xtls-rprx-vision&sni=www.apple.com&fp=chrome&type=tcp#jack%40taoziyoyo.com",
    "country": "US",
    "server": "spt",
    "uid": "INLMNWKA"
  }
]
[2024-12-04 11:57:56] [INFO] nodeInfo-spt.json 已成功复制到共享卷的 node-info/jack/ 目录。
[2024-12-04 11:57:56] [INFO] 以下是 nodeInfo-spt.json 的内容：
[
  {
    "user": "jack@taoziyoyo.com",
    "id": "7ca1b248-3eb1-490c-be90-5ddee7338abf",
    "expire": "2025-12-04T00:00:00Z",
    "subscription": "vless://7ca1b248-3eb1-490c-be90-5ddee7338abf@spto9drrm5l1d7uopaguucnxohzc3ul2yazxrldzpuoduu.taoziyoyo.com:52714?encryption=none&security=reality&pbk=P3d137zGdCgL-Pp_T-W7G53S9PxZOeZn6h9tT8qfeyI&sid=4f3ebfc83ba8dddf&flow=xtls-rprx-vision&sni=www.apple.com&fp=chrome&type=tcp#jack%40taoziyoyo.com",
    "country": "US",
    "server": "spt",
    "uid": "INLMNWKA"
  }
]
[2024-12-04 11:57:56] [INFO] 用户: jack@taoziyoyo.com
[2024-12-04 11:57:56] [INFO] 订阅链接: vless://7ca1b248-3eb1-490c-be90-5ddee7338abf@spto9drrm5l1d7uopaguucnxohzc3ul2yazxrldzpuoduu.taoziyoyo.com:52714?encryption=none&security=reality&pbk=P3d137zGdCgL-Pp_T-W7G53S9PxZOeZn6h9tT8qfeyI&sid=4f3ebfc83ba8dddf&flow=xtls-rprx-vision&sni=www.apple.com&fp=chrome&type=tcp#jack%40taoziyoyo.com
[2024-12-04 11:57:56] [INFO] 正在处理配置文件: client_spt_202412041016/kyler.json
[2024-12-04 11:57:56] [INFO] 已生成 users.json，内容如下：
[
  {
    "user": "kyler@taoziyoyo.com",
    "id": "9ca65e69-0b53-4d01-bed3-dabdefce0df3",
    "flow": "xtls-rprx-vision",
    "level": 0,
    "alterId": 0,
    "expire": "2025-12-04T00:00:00Z"
  }
]
[2024-12-04 11:57:56] [INFO] 密钥生成容器 'xray-x25519' 已经在运行。
[2024-12-04 11:57:56] [INFO] Public Key: TZl5WoNfSZqvjvz5K7lDNOPiNoJFct0o0O8LuG_gig8
[2024-12-04 11:57:56] [INFO] 密钥已保存到 /opt/docker/reality/nodeInfo/reality_kyler 目录。
[2024-12-04 11:57:56] [INFO] 正在启动 Docker 容器：reality_SPTKYL_PZZFAX58
[2024-12-04 11:57:59] [INFO] 容器 reality_SPTKYL_PZZFAX58 启动成功。
[2024-12-04 11:58:04] [INFO] nodeInfo-spt.json 文件已成功创建。
[2024-12-04 11:58:04] [INFO] 已成功将 nodeInfo-spt.json 拷贝到容器的根目录。
[2024-12-04 11:58:04] [INFO] 已生成 nodeInfo-spt.json，内容如下：
[
  {
    "user": "kyler@taoziyoyo.com",
    "id": "9ca65e69-0b53-4d01-bed3-dabdefce0df3",
    "expire": "2025-12-04T00:00:00Z",
    "subscription": "vless://9ca65e69-0b53-4d01-bed3-dabdefce0df3@spto9drrm5l1d7uopaguucnxohzc3ul2yazxrldzpuoduu.taoziyoyo.com:41507?encryption=none&security=reality&pbk=TZl5WoNfSZqvjvz5K7lDNOPiNoJFct0o0O8LuG_gig8&sid=1fd641837debad79&flow=xtls-rprx-vision&sni=www.apple.com&fp=chrome&type=tcp#kyler%40taoziyoyo.com",
    "country": "US",
    "server": "spt",
    "uid": "PZZFAX58"
  }
]
[2024-12-04 11:58:05] [INFO] nodeInfo-spt.json 已成功复制到共享卷的 node-info/kyler/ 目录。
[2024-12-04 11:58:05] [INFO] 以下是 nodeInfo-spt.json 的内容：
[
  {
    "user": "kyler@taoziyoyo.com",
    "id": "9ca65e69-0b53-4d01-bed3-dabdefce0df3",
    "expire": "2025-12-04T00:00:00Z",
    "subscription": "vless://9ca65e69-0b53-4d01-bed3-dabdefce0df3@spto9drrm5l1d7uopaguucnxohzc3ul2yazxrldzpuoduu.taoziyoyo.com:41507?encryption=none&security=reality&pbk=TZl5WoNfSZqvjvz5K7lDNOPiNoJFct0o0O8LuG_gig8&sid=1fd641837debad79&flow=xtls-rprx-vision&sni=www.apple.com&fp=chrome&type=tcp#kyler%40taoziyoyo.com",
    "country": "US",
    "server": "spt",
    "uid": "PZZFAX58"
  }
]
[2024-12-04 11:58:05] [INFO] 用户: kyler@taoziyoyo.com
[2024-12-04 11:58:05] [INFO] 订阅链接: vless://9ca65e69-0b53-4d01-bed3-dabdefce0df3@spto9drrm5l1d7uopaguucnxohzc3ul2yazxrldzpuoduu.taoziyoyo.com:41507?encryption=none&security=reality&pbk=TZl5WoNfSZqvjvz5K7lDNOPiNoJFct0o0O8LuG_gig8&sid=1fd641837debad79&flow=xtls-rprx-vision&sni=www.apple.com&fp=chrome&type=tcp#kyler%40taoziyoyo.com
[2024-12-04 11:58:05] [INFO] 正在处理配置文件: client_spt_202412041016/night.json
[2024-12-04 11:58:05] [INFO] 已生成 users.json，内容如下：
[
  {
    "user": "night@taoziyoyo.com",
    "id": "7fcf138f-45fc-4ed7-b495-1c77042c6258",
    "flow": "xtls-rprx-vision",
    "level": 0,
    "alterId": 0,
    "expire": "2025-12-04T00:00:00Z"
  }
]
[2024-12-04 11:58:05] [INFO] 密钥生成容器 'xray-x25519' 已经在运行。
[2024-12-04 11:58:05] [INFO] Public Key: Xmkbw_MHUYx7RfnrX0vmhI0gSSNU8ZWRxZi_AvLQmTg
[2024-12-04 11:58:05] [INFO] 密钥已保存到 /opt/docker/reality/nodeInfo/reality_night 目录。
[2024-12-04 11:58:05] [INFO] 正在启动 Docker 容器：reality_SPTNIG_7RO1S9W6
[2024-12-04 11:58:08] [INFO] 容器 reality_SPTNIG_7RO1S9W6 启动成功。
[2024-12-04 11:58:14] [INFO] nodeInfo-spt.json 文件已成功创建。
[2024-12-04 11:58:14] [INFO] 已成功将 nodeInfo-spt.json 拷贝到容器的根目录。
[2024-12-04 11:58:14] [INFO] 已生成 nodeInfo-spt.json，内容如下：
[
  {
    "user": "night@taoziyoyo.com",
    "id": "7fcf138f-45fc-4ed7-b495-1c77042c6258",
    "expire": "2025-12-04T00:00:00Z",
    "subscription": "vless://7fcf138f-45fc-4ed7-b495-1c77042c6258@spto9drrm5l1d7uopaguucnxohzc3ul2yazxrldzpuoduu.taoziyoyo.com:48808?encryption=none&security=reality&pbk=Xmkbw_MHUYx7RfnrX0vmhI0gSSNU8ZWRxZi_AvLQmTg&sid=c97415aa8ef97067&flow=xtls-rprx-vision&sni=www.apple.com&fp=chrome&type=tcp#night%40taoziyoyo.com",
    "country": "US",
    "server": "spt",
    "uid": "7RO1S9W6"
  }
]
[2024-12-04 11:58:14] [INFO] nodeInfo-spt.json 已成功复制到共享卷的 node-info/night/ 目录。
[2024-12-04 11:58:14] [INFO] 以下是 nodeInfo-spt.json 的内容：
[
  {
    "user": "night@taoziyoyo.com",
    "id": "7fcf138f-45fc-4ed7-b495-1c77042c6258",
    "expire": "2025-12-04T00:00:00Z",
    "subscription": "vless://7fcf138f-45fc-4ed7-b495-1c77042c6258@spto9drrm5l1d7uopaguucnxohzc3ul2yazxrldzpuoduu.taoziyoyo.com:48808?encryption=none&security=reality&pbk=Xmkbw_MHUYx7RfnrX0vmhI0gSSNU8ZWRxZi_AvLQmTg&sid=c97415aa8ef97067&flow=xtls-rprx-vision&sni=www.apple.com&fp=chrome&type=tcp#night%40taoziyoyo.com",
    "country": "US",
    "server": "spt",
    "uid": "7RO1S9W6"
  }
]
[2024-12-04 11:58:14] [INFO] 用户: night@taoziyoyo.com
[2024-12-04 11:58:14] [INFO] 订阅链接: vless://7fcf138f-45fc-4ed7-b495-1c77042c6258@spto9drrm5l1d7uopaguucnxohzc3ul2yazxrldzpuoduu.taoziyoyo.com:48808?encryption=none&security=reality&pbk=Xmkbw_MHUYx7RfnrX0vmhI0gSSNU8ZWRxZi_AvLQmTg&sid=c97415aa8ef97067&flow=xtls-rprx-vision&sni=www.apple.com&fp=chrome&type=tcp#night%40taoziyoyo.com
[2024-12-04 11:58:14] [INFO] 正在处理配置文件: client_spt_202412041016/qin.json
[2024-12-04 11:58:15] [INFO] 已生成 users.json，内容如下：
[
  {
    "user": "qin@taoziyoyo.com",
    "id": "9ebb2d10-da72-4f02-ac59-ac2e57c6f375",
    "flow": "xtls-rprx-vision",
    "level": 0,
    "alterId": 0,
    "expire": "2025-12-04T00:00:00Z"
  }
]
[2024-12-04 11:58:15] [INFO] 密钥生成容器 'xray-x25519' 已经在运行。
[2024-12-04 11:58:15] [INFO] Public Key: 82Wsn28EsTb2PcJo4QaUoga2QB_tK-Vj9ZsNC1QjDkM
[2024-12-04 11:58:15] [INFO] 密钥已保存到 /opt/docker/reality/nodeInfo/reality_qin 目录。
[2024-12-04 11:58:15] [INFO] 正在启动 Docker 容器：reality_SPTQIN_6MPXMMPA
[2024-12-04 11:58:18] [INFO] 容器 reality_SPTQIN_6MPXMMPA 启动成功。
[2024-12-04 11:58:23] [INFO] nodeInfo-spt.json 文件已成功创建。
[2024-12-04 11:58:23] [INFO] 已成功将 nodeInfo-spt.json 拷贝到容器的根目录。
[2024-12-04 11:58:23] [INFO] 已生成 nodeInfo-spt.json，内容如下：
[
  {
    "user": "qin@taoziyoyo.com",
    "id": "9ebb2d10-da72-4f02-ac59-ac2e57c6f375",
    "expire": "2025-12-04T00:00:00Z",
    "subscription": "vless://9ebb2d10-da72-4f02-ac59-ac2e57c6f375@spto9drrm5l1d7uopaguucnxohzc3ul2yazxrldzpuoduu.taoziyoyo.com:52599?encryption=none&security=reality&pbk=82Wsn28EsTb2PcJo4QaUoga2QB_tK-Vj9ZsNC1QjDkM&sid=c155db9dbb7010a3&flow=xtls-rprx-vision&sni=www.apple.com&fp=chrome&type=tcp#qin%40taoziyoyo.com",
    "country": "US",
    "server": "spt",
    "uid": "6MPXMMPA"
  }
]
[2024-12-04 11:58:24] [INFO] nodeInfo-spt.json 已成功复制到共享卷的 node-info/qin/ 目录。
[2024-12-04 11:58:24] [INFO] 以下是 nodeInfo-spt.json 的内容：
[
  {
    "user": "qin@taoziyoyo.com",
    "id": "9ebb2d10-da72-4f02-ac59-ac2e57c6f375",
    "expire": "2025-12-04T00:00:00Z",
    "subscription": "vless://9ebb2d10-da72-4f02-ac59-ac2e57c6f375@spto9drrm5l1d7uopaguucnxohzc3ul2yazxrldzpuoduu.taoziyoyo.com:52599?encryption=none&security=reality&pbk=82Wsn28EsTb2PcJo4QaUoga2QB_tK-Vj9ZsNC1QjDkM&sid=c155db9dbb7010a3&flow=xtls-rprx-vision&sni=www.apple.com&fp=chrome&type=tcp#qin%40taoziyoyo.com",
    "country": "US",
    "server": "spt",
    "uid": "6MPXMMPA"
  }
]
[2024-12-04 11:58:24] [INFO] 用户: qin@taoziyoyo.com
[2024-12-04 11:58:24] [INFO] 订阅链接: vless://9ebb2d10-da72-4f02-ac59-ac2e57c6f375@spto9drrm5l1d7uopaguucnxohzc3ul2yazxrldzpuoduu.taoziyoyo.com:52599?encryption=none&security=reality&pbk=82Wsn28EsTb2PcJo4QaUoga2QB_tK-Vj9ZsNC1QjDkM&sid=c155db9dbb7010a3&flow=xtls-rprx-vision&sni=www.apple.com&fp=chrome&type=tcp#qin%40taoziyoyo.com
[2024-12-04 11:58:24] [INFO] 正在处理配置文件: client_spt_202412041016/test2.json
[2024-12-04 11:58:24] [INFO] 已生成 users.json，内容如下：
[
  {
    "user": "test2@taoziyoyo.com",
    "id": "b5c8a8ab-8e8a-4d89-bcba-b8208e251310",
    "flow": "xtls-rprx-vision",
    "level": 0,
    "alterId": 0,
    "expire": "2025-12-04T00:00:00Z"
  }
]
[2024-12-04 11:58:24] [INFO] 密钥生成容器 'xray-x25519' 已经在运行。
[2024-12-04 11:58:24] [INFO] Public Key: DJevNwVsTK8p3yZ90Mgfx0oBhKNPRhLJ1qv668QHsVw
[2024-12-04 11:58:24] [INFO] 密钥已保存到 /opt/docker/reality/nodeInfo/reality_test2 目录。
[2024-12-04 11:58:24] [INFO] 正在启动 Docker 容器：reality_SPTTES_JSOI6S8A
[2024-12-04 11:58:28] [INFO] 容器 reality_SPTTES_JSOI6S8A 启动成功。
[2024-12-04 11:58:33] [INFO] nodeInfo-spt.json 文件已成功创建。
[2024-12-04 11:58:33] [INFO] 已成功将 nodeInfo-spt.json 拷贝到容器的根目录。
[2024-12-04 11:58:33] [INFO] 已生成 nodeInfo-spt.json，内容如下：
[
  {
    "user": "test2@taoziyoyo.com",
    "id": "b5c8a8ab-8e8a-4d89-bcba-b8208e251310",
    "expire": "2025-12-04T00:00:00Z",
    "subscription": "vless://b5c8a8ab-8e8a-4d89-bcba-b8208e251310@spto9drrm5l1d7uopaguucnxohzc3ul2yazxrldzpuoduu.taoziyoyo.com:23383?encryption=none&security=reality&pbk=DJevNwVsTK8p3yZ90Mgfx0oBhKNPRhLJ1qv668QHsVw&sid=70c8b9f9a72cae30&flow=xtls-rprx-vision&sni=www.apple.com&fp=chrome&type=tcp#test2%40taoziyoyo.com",
    "country": "US",
    "server": "spt",
    "uid": "JSOI6S8A"
  }
]
[2024-12-04 11:58:34] [INFO] nodeInfo-spt.json 已成功复制到共享卷的 node-info/test2/ 目录。
[2024-12-04 11:58:34] [INFO] 以下是 nodeInfo-spt.json 的内容：
[
  {
    "user": "test2@taoziyoyo.com",
    "id": "b5c8a8ab-8e8a-4d89-bcba-b8208e251310",
    "expire": "2025-12-04T00:00:00Z",
    "subscription": "vless://b5c8a8ab-8e8a-4d89-bcba-b8208e251310@spto9drrm5l1d7uopaguucnxohzc3ul2yazxrldzpuoduu.taoziyoyo.com:23383?encryption=none&security=reality&pbk=DJevNwVsTK8p3yZ90Mgfx0oBhKNPRhLJ1qv668QHsVw&sid=70c8b9f9a72cae30&flow=xtls-rprx-vision&sni=www.apple.com&fp=chrome&type=tcp#test2%40taoziyoyo.com",
    "country": "US",
    "server": "spt",
    "uid": "JSOI6S8A"
  }
]
[2024-12-04 11:58:34] [INFO] 用户: test2@taoziyoyo.com
[2024-12-04 11:58:34] [INFO] 订阅链接: vless://b5c8a8ab-8e8a-4d89-bcba-b8208e251310@spto9drrm5l1d7uopaguucnxohzc3ul2yazxrldzpuoduu.taoziyoyo.com:23383?encryption=none&security=reality&pbk=DJevNwVsTK8p3yZ90Mgfx0oBhKNPRhLJ1qv668QHsVw&sid=70c8b9f9a72cae30&flow=xtls-rprx-vision&sni=www.apple.com&fp=chrome&type=tcp#test2%40taoziyoyo.com
[2024-12-04 11:58:34] [INFO] 正在处理配置文件: client_spt_202412041016/test3.json
[2024-12-04 11:58:34] [INFO] 已生成 users.json，内容如下：
[
  {
    "user": "test3@taoziyoyo.com",
    "id": "461b1350-4ba1-47df-8060-4ab0ab53aebf",
    "flow": "xtls-rprx-vision",
    "level": 0,
    "alterId": 0,
    "expire": "2025-12-04T00:00:00Z"
  }
]
[2024-12-04 11:58:34] [INFO] 密钥生成容器 'xray-x25519' 已经在运行。
[2024-12-04 11:58:34] [INFO] Public Key: zGLwWhjNPw4cEmMxAbss8KY5Cqw6xExthVWy97MGGjM
[2024-12-04 11:58:34] [INFO] 密钥已保存到 /opt/docker/reality/nodeInfo/reality_test3 目录。
[2024-12-04 11:58:34] [INFO] 正在启动 Docker 容器：reality_SPTTES_F7SLG278
[2024-12-04 11:58:37] [INFO] 容器 reality_SPTTES_F7SLG278 启动成功。
[2024-12-04 11:58:42] [INFO] nodeInfo-spt.json 文件已成功创建。
[2024-12-04 11:58:42] [INFO] 已成功将 nodeInfo-spt.json 拷贝到容器的根目录。
[2024-12-04 11:58:42] [INFO] 已生成 nodeInfo-spt.json，内容如下：
[
  {
    "user": "test3@taoziyoyo.com",
    "id": "461b1350-4ba1-47df-8060-4ab0ab53aebf",
    "expire": "2025-12-04T00:00:00Z",
    "subscription": "vless://461b1350-4ba1-47df-8060-4ab0ab53aebf@spto9drrm5l1d7uopaguucnxohzc3ul2yazxrldzpuoduu.taoziyoyo.com:50793?encryption=none&security=reality&pbk=zGLwWhjNPw4cEmMxAbss8KY5Cqw6xExthVWy97MGGjM&sid=0e9b135702a70939&flow=xtls-rprx-vision&sni=www.apple.com&fp=chrome&type=tcp#test3%40taoziyoyo.com",
    "country": "US",
    "server": "spt",
    "uid": "F7SLG278"
  }
]
[2024-12-04 11:58:43] [INFO] nodeInfo-spt.json 已成功复制到共享卷的 node-info/test3/ 目录。
[2024-12-04 11:58:43] [INFO] 以下是 nodeInfo-spt.json 的内容：
[
  {
    "user": "test3@taoziyoyo.com",
    "id": "461b1350-4ba1-47df-8060-4ab0ab53aebf",
    "expire": "2025-12-04T00:00:00Z",
    "subscription": "vless://461b1350-4ba1-47df-8060-4ab0ab53aebf@spto9drrm5l1d7uopaguucnxohzc3ul2yazxrldzpuoduu.taoziyoyo.com:50793?encryption=none&security=reality&pbk=zGLwWhjNPw4cEmMxAbss8KY5Cqw6xExthVWy97MGGjM&sid=0e9b135702a70939&flow=xtls-rprx-vision&sni=www.apple.com&fp=chrome&type=tcp#test3%40taoziyoyo.com",
    "country": "US",
    "server": "spt",
    "uid": "F7SLG278"
  }
]
[2024-12-04 11:58:43] [INFO] 用户: test3@taoziyoyo.com
[2024-12-04 11:58:43] [INFO] 订阅链接: vless://461b1350-4ba1-47df-8060-4ab0ab53aebf@spto9drrm5l1d7uopaguucnxohzc3ul2yazxrldzpuoduu.taoziyoyo.com:50793?encryption=none&security=reality&pbk=zGLwWhjNPw4cEmMxAbss8KY5Cqw6xExthVWy97MGGjM&sid=0e9b135702a70939&flow=xtls-rprx-vision&sni=www.apple.com&fp=chrome&type=tcp#test3%40taoziyoyo.com
[2024-12-04 11:58:43] [INFO] 正在处理配置文件: client_spt_202412041016/test.json
[2024-12-04 11:58:43] [INFO] 已生成 users.json，内容如下：
[
  {
    "user": "test@taoziyoyo.com",
    "id": "1c12803a-0946-4850-8501-a798cf3ae725",
    "flow": "xtls-rprx-vision",
    "level": 0,
    "alterId": 0,
    "expire": "2025-12-04T00:00:00Z"
  }
]
[2024-12-04 11:58:43] [INFO] 密钥生成容器 'xray-x25519' 已经在运行。
[2024-12-04 11:58:43] [INFO] Public Key: MAYhKBYWmWoY6sY3KjZrUckn6nbgjX2_bZUI5IF9EGE
[2024-12-04 11:58:43] [INFO] 密钥已保存到 /opt/docker/reality/nodeInfo/reality_test 目录。
[2024-12-04 11:58:43] [INFO] 正在启动 Docker 容器：reality_SPTTES_NUSH63IB
[2024-12-04 11:58:47] [INFO] 容器 reality_SPTTES_NUSH63IB 启动成功。
[2024-12-04 11:58:52] [INFO] nodeInfo-spt.json 文件已成功创建。
[2024-12-04 11:58:52] [INFO] 已成功将 nodeInfo-spt.json 拷贝到容器的根目录。
[2024-12-04 11:58:52] [INFO] 已生成 nodeInfo-spt.json，内容如下：
[
  {
    "user": "test@taoziyoyo.com",
    "id": "1c12803a-0946-4850-8501-a798cf3ae725",
    "expire": "2025-12-04T00:00:00Z",
    "subscription": "vless://1c12803a-0946-4850-8501-a798cf3ae725@spto9drrm5l1d7uopaguucnxohzc3ul2yazxrldzpuoduu.taoziyoyo.com:52278?encryption=none&security=reality&pbk=MAYhKBYWmWoY6sY3KjZrUckn6nbgjX2_bZUI5IF9EGE&sid=ce755f1e8ac663f0&flow=xtls-rprx-vision&sni=www.apple.com&fp=chrome&type=tcp#test%40taoziyoyo.com",
    "country": "US",
    "server": "spt",
    "uid": "NUSH63IB"
  }
]
[2024-12-04 11:58:52] [INFO] nodeInfo-spt.json 已成功复制到共享卷的 node-info/test/ 目录。
[2024-12-04 11:58:52] [INFO] 以下是 nodeInfo-spt.json 的内容：
[
  {
    "user": "test@taoziyoyo.com",
    "id": "1c12803a-0946-4850-8501-a798cf3ae725",
    "expire": "2025-12-04T00:00:00Z",
    "subscription": "vless://1c12803a-0946-4850-8501-a798cf3ae725@spto9drrm5l1d7uopaguucnxohzc3ul2yazxrldzpuoduu.taoziyoyo.com:52278?encryption=none&security=reality&pbk=MAYhKBYWmWoY6sY3KjZrUckn6nbgjX2_bZUI5IF9EGE&sid=ce755f1e8ac663f0&flow=xtls-rprx-vision&sni=www.apple.com&fp=chrome&type=tcp#test%40taoziyoyo.com",
    "country": "US",
    "server": "spt",
    "uid": "NUSH63IB"
  }
]
[2024-12-04 11:58:52] [INFO] 用户: test@taoziyoyo.com
[2024-12-04 11:58:52] [INFO] 订阅链接: vless://1c12803a-0946-4850-8501-a798cf3ae725@spto9drrm5l1d7uopaguucnxohzc3ul2yazxrldzpuoduu.taoziyoyo.com:52278?encryption=none&security=reality&pbk=MAYhKBYWmWoY6sY3KjZrUckn6nbgjX2_bZUI5IF9EGE&sid=ce755f1e8ac663f0&flow=xtls-rprx-vision&sni=www.apple.com&fp=chrome&type=tcp#test%40taoziyoyo.com
[2024-12-04 11:58:52] [INFO] 正在处理配置文件: client_spt_202412041016/test,test2,test3.json
[2024-12-04 11:58:53] [INFO] 已生成 users.json，内容如下：
[
  {
    "user": "test",
    "id": "33f6d323-8cf8-4e55-9534-34991f6c1868",
    "flow": "xtls-rprx-vision",
    "level": 0,
    "alterId": 0,
    "expire": "2025-12-04T00:00:00Z"
  },
  {
    "user": "test2",
    "id": "9939129e-9048-423e-b235-1f0bbbfdd77e",
    "flow": "xtls-rprx-vision",
    "level": 0,
    "alterId": 0,
    "expire": "2025-12-04T00:00:00Z"
  },
  {
    "user": "test3@taoziyoyo.com",
    "id": "e860b4c8-e34b-4fea-989d-1b15f5aad13a",
    "flow": "xtls-rprx-vision",
    "level": 0,
    "alterId": 0,
    "expire": "2025-12-04T00:00:00Z"
  }
]
[2024-12-04 11:58:53] [INFO] 密钥生成容器 'xray-x25519' 已经在运行。
[2024-12-04 11:58:53] [INFO] Public Key: NJeSDP0PFVKHQ2jGQn-vL-YgjZXhgty8WgMFA8Q5lhw
[2024-12-04 11:58:53] [INFO] 密钥已保存到 /opt/docker/reality/nodeInfo/reality_test,test2,test3 目录。
[2024-12-04 11:58:53] [INFO] 正在启动 Docker 容器：reality_ALPTES_5F7Y382U
[2024-12-04 11:58:56] [INFO] 容器 reality_ALPTES_5F7Y382U 启动成功。
[2024-12-04 11:59:02] [INFO] nodeInfo-alp.json 文件已成功创建。
[2024-12-04 11:59:02] [INFO] 已成功将 nodeInfo-alp.json 拷贝到容器的根目录。
[2024-12-04 11:59:02] [INFO] 已生成 nodeInfo-alp.json，内容如下：
[
  {
    "user": "test",
    "id": "33f6d323-8cf8-4e55-9534-34991f6c1868",
    "expire": "2025-12-04T00:00:00Z",
    "subscription": "vless://33f6d323-8cf8-4e55-9534-34991f6c1868@alpo9drrm5l1d7uopaguucnxohzc3ul2yazxrldzpuoduu.taoziyoyo.com:26978?encryption=none&security=reality&pbk=NJeSDP0PFVKHQ2jGQn-vL-YgjZXhgty8WgMFA8Q5lhw&sid=62820f2f044f083f&flow=xtls-rprx-vision&sni=www.apple.com&fp=chrome&type=tcp#test",
    "country": "US",
    "server": "alp",
    "uid": "5F7Y382U"
  },
  {
    "user": "test2",
    "id": "9939129e-9048-423e-b235-1f0bbbfdd77e",
    "expire": "2025-12-04T00:00:00Z",
    "subscription": "vless://9939129e-9048-423e-b235-1f0bbbfdd77e@alpo9drrm5l1d7uopaguucnxohzc3ul2yazxrldzpuoduu.taoziyoyo.com:26978?encryption=none&security=reality&pbk=NJeSDP0PFVKHQ2jGQn-vL-YgjZXhgty8WgMFA8Q5lhw&sid=62820f2f044f083f&flow=xtls-rprx-vision&sni=www.apple.com&fp=chrome&type=tcp#test2",
    "country": "US",
    "server": "alp",
    "uid": "5F7Y382U"
  },
  {
    "user": "test3@taoziyoyo.com",
    "id": "e860b4c8-e34b-4fea-989d-1b15f5aad13a",
    "expire": "2025-12-04T00:00:00Z",
    "subscription": "vless://e860b4c8-e34b-4fea-989d-1b15f5aad13a@alpo9drrm5l1d7uopaguucnxohzc3ul2yazxrldzpuoduu.taoziyoyo.com:26978?encryption=none&security=reality&pbk=NJeSDP0PFVKHQ2jGQn-vL-YgjZXhgty8WgMFA8Q5lhw&sid=62820f2f044f083f&flow=xtls-rprx-vision&sni=www.apple.com&fp=chrome&type=tcp#test3%40taoziyoyo.com",
    "country": "US",
    "server": "alp",
    "uid": "5F7Y382U"
  }
]
[2024-12-04 11:59:02] [INFO] nodeInfo-alp.json 已成功复制到共享卷的 node-info/test,test2,test3/ 目录。
[2024-12-04 11:59:02] [INFO] 以下是 nodeInfo-alp.json 的内容：
[
  {
    "user": "test",
    "id": "33f6d323-8cf8-4e55-9534-34991f6c1868",
    "expire": "2025-12-04T00:00:00Z",
    "subscription": "vless://33f6d323-8cf8-4e55-9534-34991f6c1868@alpo9drrm5l1d7uopaguucnxohzc3ul2yazxrldzpuoduu.taoziyoyo.com:26978?encryption=none&security=reality&pbk=NJeSDP0PFVKHQ2jGQn-vL-YgjZXhgty8WgMFA8Q5lhw&sid=62820f2f044f083f&flow=xtls-rprx-vision&sni=www.apple.com&fp=chrome&type=tcp#test",
    "country": "US",
    "server": "alp",
    "uid": "5F7Y382U"
  },
  {
    "user": "test2",
    "id": "9939129e-9048-423e-b235-1f0bbbfdd77e",
    "expire": "2025-12-04T00:00:00Z",
    "subscription": "vless://9939129e-9048-423e-b235-1f0bbbfdd77e@alpo9drrm5l1d7uopaguucnxohzc3ul2yazxrldzpuoduu.taoziyoyo.com:26978?encryption=none&security=reality&pbk=NJeSDP0PFVKHQ2jGQn-vL-YgjZXhgty8WgMFA8Q5lhw&sid=62820f2f044f083f&flow=xtls-rprx-vision&sni=www.apple.com&fp=chrome&type=tcp#test2",
    "country": "US",
    "server": "alp",
    "uid": "5F7Y382U"
  },
  {
    "user": "test3@taoziyoyo.com",
    "id": "e860b4c8-e34b-4fea-989d-1b15f5aad13a",
    "expire": "2025-12-04T00:00:00Z",
    "subscription": "vless://e860b4c8-e34b-4fea-989d-1b15f5aad13a@alpo9drrm5l1d7uopaguucnxohzc3ul2yazxrldzpuoduu.taoziyoyo.com:26978?encryption=none&security=reality&pbk=NJeSDP0PFVKHQ2jGQn-vL-YgjZXhgty8WgMFA8Q5lhw&sid=62820f2f044f083f&flow=xtls-rprx-vision&sni=www.apple.com&fp=chrome&type=tcp#test3%40taoziyoyo.com",
    "country": "US",
    "server": "alp",
    "uid": "5F7Y382U"
  }
]
[2024-12-04 11:59:02] [INFO] 用户: test
[2024-12-04 11:59:02] [INFO] 订阅链接: vless://33f6d323-8cf8-4e55-9534-34991f6c1868@alpo9drrm5l1d7uopaguucnxohzc3ul2yazxrldzpuoduu.taoziyoyo.com:26978?encryption=none&security=reality&pbk=NJeSDP0PFVKHQ2jGQn-vL-YgjZXhgty8WgMFA8Q5lhw&sid=62820f2f044f083f&flow=xtls-rprx-vision&sni=www.apple.com&fp=chrome&type=tcp#test
[2024-12-04 11:59:02] [INFO] 用户: test2
[2024-12-04 11:59:02] [INFO] 订阅链接: vless://9939129e-9048-423e-b235-1f0bbbfdd77e@alpo9drrm5l1d7uopaguucnxohzc3ul2yazxrldzpuoduu.taoziyoyo.com:26978?encryption=none&security=reality&pbk=NJeSDP0PFVKHQ2jGQn-vL-YgjZXhgty8WgMFA8Q5lhw&sid=62820f2f044f083f&flow=xtls-rprx-vision&sni=www.apple.com&fp=chrome&type=tcp#test2
[2024-12-04 11:59:02] [INFO] 用户: test3@taoziyoyo.com
[2024-12-04 11:59:02] [INFO] 订阅链接: vless://e860b4c8-e34b-4fea-989d-1b15f5aad13a@alpo9drrm5l1d7uopaguucnxohzc3ul2yazxrldzpuoduu.taoziyoyo.com:26978?encryption=none&security=reality&pbk=NJeSDP0PFVKHQ2jGQn-vL-YgjZXhgty8WgMFA8Q5lhw&sid=62820f2f044f083f&flow=xtls-rprx-vision&sni=www.apple.com&fp=chrome&type=tcp#test3%40taoziyoyo.com
[2024-12-04 11:59:02] [INFO] 操作成功完成。
[2024-12-04 12:07:04] [INFO] 跳过 Docker 镜像构建，使用现有镜像。
[2024-12-04 12:07:04] [INFO] 使用现有的镜像：vless_reality:v10_20241202163504
[2024-12-04 12:07:04] [INFO] 正在处理配置文件: client_spt_202412041203/test1.json
[2024-12-04 12:07:04] [INFO] 已生成 users.json，内容如下：
[
  {
    "user": "test1@taoziyoyo.com",
    "id": "2af52ce6-a7fd-4911-a8ef-257c9b992da1",
    "flow": "xtls-rprx-vision",
    "level": 0,
    "alterId": 0,
    "expire": "2025-12-04T00:00:00Z"
  }
]
[2024-12-04 12:07:04] [INFO] 密钥生成容器 'xray-x25519' 已经在运行。
[2024-12-04 12:07:04] [INFO] Public Key: 3MhUuG45hRAlvEnt0USR1uDAlfXx5Ehe8Ev2w6P_j20
[2024-12-04 12:07:04] [INFO] 密钥已保存到 /opt/docker/reality/nodeInfo/reality_test1 目录。
[2024-12-04 12:07:04] [INFO] 正在启动 Docker 容器：reality_SPTTES_KSYWTCBX
[2024-12-04 12:07:04] [ERROR] 启动 Docker 容器失败。
[2024-12-04 12:08:11] [INFO] 跳过 Docker 镜像构建，使用现有镜像。
[2024-12-04 12:08:11] [INFO] 使用现有的镜像：vless_reality:v10_20241202163504
[2024-12-04 12:08:11] [INFO] 正在处理配置文件: client_spt_202412041203/test1.json
[2024-12-04 12:08:11] [INFO] 已生成 users.json，内容如下：
[
  {
    "user": "test1@taoziyoyo.com",
    "id": "c31c6b6d-bd81-41e6-98b3-d3a992432865",
    "flow": "xtls-rprx-vision",
    "level": 0,
    "alterId": 0,
    "expire": "2025-12-04T00:00:00Z"
  }
]
[2024-12-04 12:08:11] [INFO] 密钥生成容器 'xray-x25519' 已经在运行。
[2024-12-04 12:08:11] [INFO] Public Key: jlJ7Pd7BJU3RHJEz7De9CRbfJv8l9Qjq_MOiHKGVPV8
[2024-12-04 12:08:11] [INFO] 密钥已保存到 /opt/docker/reality/nodeInfo/reality_test1 目录。
[2024-12-04 12:08:11] [INFO] 正在启动 Docker 容器：reality_SPTTES_KSYWTCBX
[2024-12-04 12:08:15] [INFO] 容器 reality_SPTTES_KSYWTCBX 启动成功。
[2024-12-04 12:08:20] [INFO] nodeInfo-spt.json 文件已成功创建。
[2024-12-04 12:08:20] [INFO] 已成功将 nodeInfo-spt.json 拷贝到容器的根目录。
[2024-12-04 12:08:20] [INFO] 已生成 nodeInfo-spt.json，内容如下：
[
  {
    "user": "test1@taoziyoyo.com",
    "id": "c31c6b6d-bd81-41e6-98b3-d3a992432865",
    "expire": "2025-12-04T00:00:00Z",
    "subscription": "vless://c31c6b6d-bd81-41e6-98b3-d3a992432865@spto9drrm5l1d7uopaguucnxohzc3ul2yazxrldzpuoduu.taoziyoyo.com:24239?encryption=none&security=reality&pbk=jlJ7Pd7BJU3RHJEz7De9CRbfJv8l9Qjq_MOiHKGVPV8&sid=2fe7c2c7dcaf06de&flow=xtls-rprx-vision&sni=www.apple.com&fp=chrome&type=tcp#test1%40taoziyoyo.com",
    "country": "US",
    "server": "spt",
    "uid": "KSYWTCBX"
  }
]
[2024-12-04 12:08:21] [INFO] nodeInfo-spt.json 已成功复制到共享卷的 node-info/test1/ 目录。
[2024-12-04 12:08:21] [INFO] 以下是 nodeInfo-spt.json 的内容：
[
  {
    "user": "test1@taoziyoyo.com",
    "id": "c31c6b6d-bd81-41e6-98b3-d3a992432865",
    "expire": "2025-12-04T00:00:00Z",
    "subscription": "vless://c31c6b6d-bd81-41e6-98b3-d3a992432865@spto9drrm5l1d7uopaguucnxohzc3ul2yazxrldzpuoduu.taoziyoyo.com:24239?encryption=none&security=reality&pbk=jlJ7Pd7BJU3RHJEz7De9CRbfJv8l9Qjq_MOiHKGVPV8&sid=2fe7c2c7dcaf06de&flow=xtls-rprx-vision&sni=www.apple.com&fp=chrome&type=tcp#test1%40taoziyoyo.com",
    "country": "US",
    "server": "spt",
    "uid": "KSYWTCBX"
  }
]
[2024-12-04 12:08:21] [INFO] 用户: test1@taoziyoyo.com
[2024-12-04 12:08:21] [INFO] 订阅链接: vless://c31c6b6d-bd81-41e6-98b3-d3a992432865@spto9drrm5l1d7uopaguucnxohzc3ul2yazxrldzpuoduu.taoziyoyo.com:24239?encryption=none&security=reality&pbk=jlJ7Pd7BJU3RHJEz7De9CRbfJv8l9Qjq_MOiHKGVPV8&sid=2fe7c2c7dcaf06de&flow=xtls-rprx-vision&sni=www.apple.com&fp=chrome&type=tcp#test1%40taoziyoyo.com
[2024-12-04 12:08:21] [INFO] 正在处理配置文件: client_spt_202412041203/test2.json
[2024-12-04 12:08:21] [INFO] 已生成 users.json，内容如下：
[
  {
    "user": "test2@taoziyoyo.com",
    "id": "40a7b1c9-ebdc-4d1a-bdb3-37d339489a75",
    "flow": "xtls-rprx-vision",
    "level": 0,
    "alterId": 0,
    "expire": "2025-12-04T00:00:00Z"
  }
]
[2024-12-04 12:08:21] [INFO] 密钥生成容器 'xray-x25519' 已经在运行。
[2024-12-04 12:08:21] [INFO] Public Key: q77gB0RNLdFMfVIkV0LkbLkt-QnAaO8PWAZQK7N9VVM
[2024-12-04 12:08:21] [INFO] 密钥已保存到 /opt/docker/reality/nodeInfo/reality_test2 目录。
[2024-12-04 12:08:21] [INFO] 正在启动 Docker 容器：reality_SPTTES_Z45G3RCR
[2024-12-04 12:08:24] [INFO] 容器 reality_SPTTES_Z45G3RCR 启动成功。
[2024-12-04 12:08:30] [INFO] nodeInfo-spt.json 文件已成功创建。
[2024-12-04 12:08:30] [INFO] 已成功将 nodeInfo-spt.json 拷贝到容器的根目录。
[2024-12-04 12:08:30] [INFO] 已生成 nodeInfo-spt.json，内容如下：
[
  {
    "user": "test2@taoziyoyo.com",
    "id": "40a7b1c9-ebdc-4d1a-bdb3-37d339489a75",
    "expire": "2025-12-04T00:00:00Z",
    "subscription": "vless://40a7b1c9-ebdc-4d1a-bdb3-37d339489a75@spto9drrm5l1d7uopaguucnxohzc3ul2yazxrldzpuoduu.taoziyoyo.com:40753?encryption=none&security=reality&pbk=q77gB0RNLdFMfVIkV0LkbLkt-QnAaO8PWAZQK7N9VVM&sid=41040f5eb0471230&flow=xtls-rprx-vision&sni=www.apple.com&fp=chrome&type=tcp#test2%40taoziyoyo.com",
    "country": "US",
    "server": "spt",
    "uid": "Z45G3RCR"
  }
]
[2024-12-04 12:08:30] [INFO] nodeInfo-spt.json 已成功复制到共享卷的 node-info/test2/ 目录。
[2024-12-04 12:08:30] [INFO] 以下是 nodeInfo-spt.json 的内容：
[
  {
    "user": "test2@taoziyoyo.com",
    "id": "40a7b1c9-ebdc-4d1a-bdb3-37d339489a75",
    "expire": "2025-12-04T00:00:00Z",
    "subscription": "vless://40a7b1c9-ebdc-4d1a-bdb3-37d339489a75@spto9drrm5l1d7uopaguucnxohzc3ul2yazxrldzpuoduu.taoziyoyo.com:40753?encryption=none&security=reality&pbk=q77gB0RNLdFMfVIkV0LkbLkt-QnAaO8PWAZQK7N9VVM&sid=41040f5eb0471230&flow=xtls-rprx-vision&sni=www.apple.com&fp=chrome&type=tcp#test2%40taoziyoyo.com",
    "country": "US",
    "server": "spt",
    "uid": "Z45G3RCR"
  }
]
[2024-12-04 12:08:31] [INFO] 用户: test2@taoziyoyo.com
[2024-12-04 12:08:31] [INFO] 订阅链接: vless://40a7b1c9-ebdc-4d1a-bdb3-37d339489a75@spto9drrm5l1d7uopaguucnxohzc3ul2yazxrldzpuoduu.taoziyoyo.com:40753?encryption=none&security=reality&pbk=q77gB0RNLdFMfVIkV0LkbLkt-QnAaO8PWAZQK7N9VVM&sid=41040f5eb0471230&flow=xtls-rprx-vision&sni=www.apple.com&fp=chrome&type=tcp#test2%40taoziyoyo.com
[2024-12-04 12:08:31] [INFO] 正在处理配置文件: client_spt_202412041203/test.json
[2024-12-04 12:08:31] [INFO] 已生成 users.json，内容如下：
[
  {
    "user": "test@taoziyoyo.com",
    "id": "50ffab73-ae0d-428b-9824-34918ae56f14",
    "flow": "xtls-rprx-vision",
    "level": 0,
    "alterId": 0,
    "expire": "2025-12-04T00:00:00Z"
  }
]
[2024-12-04 12:08:31] [INFO] 密钥生成容器 'xray-x25519' 已经在运行。
[2024-12-04 12:08:31] [INFO] Public Key: Xy_cWcnV3OMmR762LZ4QEf4sug1C2Nlnt6_wTp94dRU
[2024-12-04 12:08:31] [INFO] 密钥已保存到 /opt/docker/reality/nodeInfo/reality_test 目录。
[2024-12-04 12:08:31] [INFO] 正在启动 Docker 容器：reality_SPTTES_XO4B20B6
[2024-12-04 12:08:34] [INFO] 容器 reality_SPTTES_XO4B20B6 启动成功。
[2024-12-04 12:08:39] [INFO] nodeInfo-spt.json 文件已成功创建。
[2024-12-04 12:08:39] [INFO] 已成功将 nodeInfo-spt.json 拷贝到容器的根目录。
[2024-12-04 12:08:39] [INFO] 已生成 nodeInfo-spt.json，内容如下：
[
  {
    "user": "test@taoziyoyo.com",
    "id": "50ffab73-ae0d-428b-9824-34918ae56f14",
    "expire": "2025-12-04T00:00:00Z",
    "subscription": "vless://50ffab73-ae0d-428b-9824-34918ae56f14@spto9drrm5l1d7uopaguucnxohzc3ul2yazxrldzpuoduu.taoziyoyo.com:49695?encryption=none&security=reality&pbk=Xy_cWcnV3OMmR762LZ4QEf4sug1C2Nlnt6_wTp94dRU&sid=c35172b5d833ed86&flow=xtls-rprx-vision&sni=www.apple.com&fp=chrome&type=tcp#test%40taoziyoyo.com",
    "country": "US",
    "server": "spt",
    "uid": "XO4B20B6"
  }
]
[2024-12-04 12:08:40] [INFO] nodeInfo-spt.json 已成功复制到共享卷的 node-info/test/ 目录。
[2024-12-04 12:08:40] [INFO] 以下是 nodeInfo-spt.json 的内容：
[
  {
    "user": "test@taoziyoyo.com",
    "id": "50ffab73-ae0d-428b-9824-34918ae56f14",
    "expire": "2025-12-04T00:00:00Z",
    "subscription": "vless://50ffab73-ae0d-428b-9824-34918ae56f14@spto9drrm5l1d7uopaguucnxohzc3ul2yazxrldzpuoduu.taoziyoyo.com:49695?encryption=none&security=reality&pbk=Xy_cWcnV3OMmR762LZ4QEf4sug1C2Nlnt6_wTp94dRU&sid=c35172b5d833ed86&flow=xtls-rprx-vision&sni=www.apple.com&fp=chrome&type=tcp#test%40taoziyoyo.com",
    "country": "US",
    "server": "spt",
    "uid": "XO4B20B6"
  }
]
[2024-12-04 12:08:40] [INFO] 用户: test@taoziyoyo.com
[2024-12-04 12:08:40] [INFO] 订阅链接: vless://50ffab73-ae0d-428b-9824-34918ae56f14@spto9drrm5l1d7uopaguucnxohzc3ul2yazxrldzpuoduu.taoziyoyo.com:49695?encryption=none&security=reality&pbk=Xy_cWcnV3OMmR762LZ4QEf4sug1C2Nlnt6_wTp94dRU&sid=c35172b5d833ed86&flow=xtls-rprx-vision&sni=www.apple.com&fp=chrome&type=tcp#test%40taoziyoyo.com
[2024-12-04 12:08:40] [INFO] 操作成功完成。
[2024-12-04 12:38:11] [INFO] 跳过 Docker 镜像构建，使用现有镜像。
[2024-12-04 12:38:11] [INFO] 使用现有的镜像：vless_reality:v10_20241202163504
[2024-12-04 12:38:11] [ERROR] 目录 client_me_spt_20241204123 不存在。
[2024-12-04 12:39:57] [INFO] 跳过 Docker 镜像构建，使用现有镜像。
[2024-12-04 12:39:57] [INFO] 使用现有的镜像：vless_reality:v10_20241202163504
[2024-12-04 12:39:57] [ERROR] 目录 client_me_spt_20241204123 不存在。
[2024-12-04 12:40:27] [INFO] 跳过 Docker 镜像构建，使用现有镜像。
[2024-12-04 12:40:27] [INFO] 使用现有的镜像：vless_reality:v10_20241202163504
[2024-12-04 12:40:27] [ERROR] 目录 client_me_spt_20241204123/ 不存在。
[2024-12-04 12:40:47] [INFO] 跳过 Docker 镜像构建，使用现有镜像。
[2024-12-04 12:40:47] [INFO] 使用现有的镜像：vless_reality:v10_20241202163504
[2024-12-04 12:40:47] [INFO] 正在处理配置文件: client_spt_202412041203//test1.json
[2024-12-04 12:40:47] [INFO] 已生成 users.json，内容如下：
[
  {
    "user": "test1@taoziyoyo.com",
    "id": "94024c33-65b1-4cb5-9ba2-ebb7b00ef92c",
    "flow": "xtls-rprx-vision",
    "level": 0,
    "alterId": 0,
    "expire": "2025-12-04T00:00:00Z"
  }
]
[2024-12-04 12:40:47] [INFO] 密钥生成容器 'xray-x25519' 已经在运行。
[2024-12-04 12:40:47] [INFO] Public Key: 5sTovHNP1bdKVgk4v4VhcGZhPGJznzFp6RuJj9Kf_1c
[2024-12-04 12:40:47] [INFO] 密钥已保存到 /opt/docker/reality/nodeInfo/reality_test1 目录。
[2024-12-04 12:40:47] [INFO] 正在启动 Docker 容器：reality_SPTTES_KSYWTCBX
[2024-12-04 12:40:51] [INFO] 容器 reality_SPTTES_KSYWTCBX 启动成功。
[2024-12-04 12:45:02] [INFO] 跳过 Docker 镜像构建，使用现有镜像。
[2024-12-04 12:45:02] [INFO] 使用现有的镜像：vless_reality:v10_20241202163504
[2024-12-04 12:45:02] [ERROR] 目录 client_me_spt_202412041231 不存在。
[2024-12-04 12:45:02] [INFO] 正在处理配置文件: client_me_spt_202412041231/ceci.json
[2024-12-04 12:45:02] [INFO] 已生成 users.json，内容如下：
[
  {
    "user": "ceci@taoziyoyo.com",
    "id": "e3aaf516-bc06-4224-893e-cbf2b0fc67bf",
    "flow": "xtls-rprx-vision",
    "level": 0,
    "alterId": 0,
    "expire": "2124-12-04T00:00:00Z"
  }
]
[2024-12-04 12:45:02] [INFO] 密钥生成容器 'xray-x25519' 已经在运行。
[2024-12-04 12:45:02] [INFO] Public Key: IFbazWaAjKiTR25H34K3KLkGEIK3nwsdL2qt2-OgBkY
[2024-12-04 12:45:02] [INFO] 密钥已保存到 /opt/docker/reality/nodeInfo/reality_ceci 目录。
[2024-12-04 12:45:02] [INFO] 正在启动 Docker 容器：reality_SPTCEC_A16G0NKW
[2024-12-04 12:45:06] [INFO] 容器 reality_SPTCEC_A16G0NKW 启动成功。
[2024-12-04 12:45:11] [INFO] nodeInfo-spt.json 文件已成功创建。
[2024-12-04 12:45:11] [INFO] 已成功将 nodeInfo-spt.json 拷贝到容器的根目录。
[2024-12-04 12:45:11] [INFO] 已生成 nodeInfo-spt.json，内容如下：
[
  {
    "user": "ceci@taoziyoyo.com",
    "id": "e3aaf516-bc06-4224-893e-cbf2b0fc67bf",
    "expire": "2124-12-04T00:00:00Z",
    "subscription": "vless://e3aaf516-bc06-4224-893e-cbf2b0fc67bf@spto9drrm5l1d7uopaguucnxohzc3ul2yazxrldzpuoduu.taoziyoyo.com:49700?encryption=none&security=reality&pbk=IFbazWaAjKiTR25H34K3KLkGEIK3nwsdL2qt2-OgBkY&sid=fd07bc6985abbcf4&flow=xtls-rprx-vision&sni=www.apple.com&fp=chrome&type=tcp#ceci%40taoziyoyo.com",
    "country": "US",
    "server": "spt",
    "uid": "A16G0NKW"
  }
]
[2024-12-04 12:45:12] [INFO] nodeInfo-spt.json 已成功复制到共享卷的 node-info/ceci/ 目录。
[2024-12-04 12:45:12] [INFO] 以下是 nodeInfo-spt.json 的内容：
[
  {
    "user": "ceci@taoziyoyo.com",
    "id": "e3aaf516-bc06-4224-893e-cbf2b0fc67bf",
    "expire": "2124-12-04T00:00:00Z",
    "subscription": "vless://e3aaf516-bc06-4224-893e-cbf2b0fc67bf@spto9drrm5l1d7uopaguucnxohzc3ul2yazxrldzpuoduu.taoziyoyo.com:49700?encryption=none&security=reality&pbk=IFbazWaAjKiTR25H34K3KLkGEIK3nwsdL2qt2-OgBkY&sid=fd07bc6985abbcf4&flow=xtls-rprx-vision&sni=www.apple.com&fp=chrome&type=tcp#ceci%40taoziyoyo.com",
    "country": "US",
    "server": "spt",
    "uid": "A16G0NKW"
  }
]
[2024-12-04 12:45:12] [INFO] 用户: ceci@taoziyoyo.com
[2024-12-04 12:45:12] [INFO] 订阅链接: vless://e3aaf516-bc06-4224-893e-cbf2b0fc67bf@spto9drrm5l1d7uopaguucnxohzc3ul2yazxrldzpuoduu.taoziyoyo.com:49700?encryption=none&security=reality&pbk=IFbazWaAjKiTR25H34K3KLkGEIK3nwsdL2qt2-OgBkY&sid=fd07bc6985abbcf4&flow=xtls-rprx-vision&sni=www.apple.com&fp=chrome&type=tcp#ceci%40taoziyoyo.com
[2024-12-04 12:45:12] [INFO] 正在处理配置文件: client_me_spt_202412041231/han.json
[2024-12-04 12:45:12] [INFO] 已生成 users.json，内容如下：
[
  {
    "user": "han@taoziyoyo.com",
    "id": "dac906bb-776f-4fa7-bc5e-50fb6faed805",
    "flow": "xtls-rprx-vision",
    "level": 0,
    "alterId": 0,
    "expire": "2124-12-04T00:00:00Z"
  }
]
[2024-12-04 12:45:12] [INFO] 密钥生成容器 'xray-x25519' 已经在运行。
[2024-12-04 12:45:12] [INFO] Public Key: gcBpk983HOszIRWn-4ReiHAcCicUTDivpwvhq9MO6EU
[2024-12-04 12:45:12] [INFO] 密钥已保存到 /opt/docker/reality/nodeInfo/reality_han 目录。
[2024-12-04 12:45:12] [INFO] 正在启动 Docker 容器：reality_SPTHAN_AUYIANWY
[2024-12-04 12:45:15] [INFO] 容器 reality_SPTHAN_AUYIANWY 启动成功。
[2024-12-04 12:45:20] [INFO] nodeInfo-spt.json 文件已成功创建。
[2024-12-04 12:45:20] [INFO] 已成功将 nodeInfo-spt.json 拷贝到容器的根目录。
[2024-12-04 12:45:20] [INFO] 已生成 nodeInfo-spt.json，内容如下：
[
  {
    "user": "han@taoziyoyo.com",
    "id": "dac906bb-776f-4fa7-bc5e-50fb6faed805",
    "expire": "2124-12-04T00:00:00Z",
    "subscription": "vless://dac906bb-776f-4fa7-bc5e-50fb6faed805@spto9drrm5l1d7uopaguucnxohzc3ul2yazxrldzpuoduu.taoziyoyo.com:52153?encryption=none&security=reality&pbk=gcBpk983HOszIRWn-4ReiHAcCicUTDivpwvhq9MO6EU&sid=d07f796465e66e05&flow=xtls-rprx-vision&sni=www.apple.com&fp=chrome&type=tcp#han%40taoziyoyo.com",
    "country": "US",
    "server": "spt",
    "uid": "AUYIANWY"
  }
]
[2024-12-04 12:45:21] [INFO] nodeInfo-spt.json 已成功复制到共享卷的 node-info/han/ 目录。
[2024-12-04 12:45:21] [INFO] 以下是 nodeInfo-spt.json 的内容：
[
  {
    "user": "han@taoziyoyo.com",
    "id": "dac906bb-776f-4fa7-bc5e-50fb6faed805",
    "expire": "2124-12-04T00:00:00Z",
    "subscription": "vless://dac906bb-776f-4fa7-bc5e-50fb6faed805@spto9drrm5l1d7uopaguucnxohzc3ul2yazxrldzpuoduu.taoziyoyo.com:52153?encryption=none&security=reality&pbk=gcBpk983HOszIRWn-4ReiHAcCicUTDivpwvhq9MO6EU&sid=d07f796465e66e05&flow=xtls-rprx-vision&sni=www.apple.com&fp=chrome&type=tcp#han%40taoziyoyo.com",
    "country": "US",
    "server": "spt",
    "uid": "AUYIANWY"
  }
]
[2024-12-04 12:45:21] [INFO] 用户: han@taoziyoyo.com
[2024-12-04 12:45:21] [INFO] 订阅链接: vless://dac906bb-776f-4fa7-bc5e-50fb6faed805@spto9drrm5l1d7uopaguucnxohzc3ul2yazxrldzpuoduu.taoziyoyo.com:52153?encryption=none&security=reality&pbk=gcBpk983HOszIRWn-4ReiHAcCicUTDivpwvhq9MO6EU&sid=d07f796465e66e05&flow=xtls-rprx-vision&sni=www.apple.com&fp=chrome&type=tcp#han%40taoziyoyo.com
[2024-12-04 12:45:21] [INFO] 正在处理配置文件: client_me_spt_202412041231/iceberg.json
[2024-12-04 12:45:21] [INFO] 已生成 users.json，内容如下：
[
  {
    "user": "iceberg@taoziyoyo.com",
    "id": "46625672-c1e1-4ea5-8dd1-6595b58da0a0",
    "flow": "xtls-rprx-vision",
    "level": 0,
    "alterId": 0,
    "expire": "2124-12-04T00:00:00Z"
  }
]
[2024-12-04 12:45:21] [INFO] 密钥生成容器 'xray-x25519' 已经在运行。
[2024-12-04 12:45:21] [INFO] Public Key: vwgf5bXj6MgaGcsdX81T8ZlzsYhiCeR07sJLLrxmAl4
[2024-12-04 12:45:21] [INFO] 密钥已保存到 /opt/docker/reality/nodeInfo/reality_iceberg 目录。
[2024-12-04 12:45:21] [INFO] 正在启动 Docker 容器：reality_SPTICE_6FBV2B4D
[2024-12-04 12:45:25] [INFO] 容器 reality_SPTICE_6FBV2B4D 启动成功。
[2024-12-04 12:45:30] [INFO] nodeInfo-spt.json 文件已成功创建。
[2024-12-04 12:45:30] [INFO] 已成功将 nodeInfo-spt.json 拷贝到容器的根目录。
[2024-12-04 12:45:30] [INFO] 已生成 nodeInfo-spt.json，内容如下：
[
  {
    "user": "iceberg@taoziyoyo.com",
    "id": "46625672-c1e1-4ea5-8dd1-6595b58da0a0",
    "expire": "2124-12-04T00:00:00Z",
    "subscription": "vless://46625672-c1e1-4ea5-8dd1-6595b58da0a0@spto9drrm5l1d7uopaguucnxohzc3ul2yazxrldzpuoduu.taoziyoyo.com:48358?encryption=none&security=reality&pbk=vwgf5bXj6MgaGcsdX81T8ZlzsYhiCeR07sJLLrxmAl4&sid=e102d5d573ad4234&flow=xtls-rprx-vision&sni=www.apple.com&fp=chrome&type=tcp#iceberg%40taoziyoyo.com",
    "country": "US",
    "server": "spt",
    "uid": "6FBV2B4D"
  }
]
[2024-12-04 12:45:31] [INFO] nodeInfo-spt.json 已成功复制到共享卷的 node-info/iceberg/ 目录。
[2024-12-04 12:45:31] [INFO] 以下是 nodeInfo-spt.json 的内容：
[
  {
    "user": "iceberg@taoziyoyo.com",
    "id": "46625672-c1e1-4ea5-8dd1-6595b58da0a0",
    "expire": "2124-12-04T00:00:00Z",
    "subscription": "vless://46625672-c1e1-4ea5-8dd1-6595b58da0a0@spto9drrm5l1d7uopaguucnxohzc3ul2yazxrldzpuoduu.taoziyoyo.com:48358?encryption=none&security=reality&pbk=vwgf5bXj6MgaGcsdX81T8ZlzsYhiCeR07sJLLrxmAl4&sid=e102d5d573ad4234&flow=xtls-rprx-vision&sni=www.apple.com&fp=chrome&type=tcp#iceberg%40taoziyoyo.com",
    "country": "US",
    "server": "spt",
    "uid": "6FBV2B4D"
  }
]
[2024-12-04 12:45:31] [INFO] 用户: iceberg@taoziyoyo.com
[2024-12-04 12:45:31] [INFO] 订阅链接: vless://46625672-c1e1-4ea5-8dd1-6595b58da0a0@spto9drrm5l1d7uopaguucnxohzc3ul2yazxrldzpuoduu.taoziyoyo.com:48358?encryption=none&security=reality&pbk=vwgf5bXj6MgaGcsdX81T8ZlzsYhiCeR07sJLLrxmAl4&sid=e102d5d573ad4234&flow=xtls-rprx-vision&sni=www.apple.com&fp=chrome&type=tcp#iceberg%40taoziyoyo.com
[2024-12-04 12:45:31] [INFO] 正在处理配置文件: client_me_spt_202412041231/jack.json
[2024-12-04 12:45:31] [INFO] 已生成 users.json，内容如下：
[
  {
    "user": "jack@taoziyoyo.com",
    "id": "ee4cdd38-1bbd-4cf3-9ae4-54d5ce9b64b3",
    "flow": "xtls-rprx-vision",
    "level": 0,
    "alterId": 0,
    "expire": "2124-12-04T00:00:00Z"
  }
]
[2024-12-04 12:45:31] [INFO] 密钥生成容器 'xray-x25519' 已经在运行。
[2024-12-04 12:45:31] [INFO] Public Key: v6kT7OyJHWx1ici35TT_NhY6LIBNLJn756UWLuzT03E
[2024-12-04 12:45:31] [INFO] 密钥已保存到 /opt/docker/reality/nodeInfo/reality_jack 目录。
[2024-12-04 12:45:31] [INFO] 正在启动 Docker 容器：reality_SPTJAC_6UNQ4XYK
[2024-12-04 12:45:34] [INFO] 容器 reality_SPTJAC_6UNQ4XYK 启动成功。
[2024-12-04 12:45:39] [INFO] nodeInfo-spt.json 文件已成功创建。
[2024-12-04 12:45:39] [INFO] 已成功将 nodeInfo-spt.json 拷贝到容器的根目录。
[2024-12-04 12:45:39] [INFO] 已生成 nodeInfo-spt.json，内容如下：
[
  {
    "user": "jack@taoziyoyo.com",
    "id": "ee4cdd38-1bbd-4cf3-9ae4-54d5ce9b64b3",
    "expire": "2124-12-04T00:00:00Z",
    "subscription": "vless://ee4cdd38-1bbd-4cf3-9ae4-54d5ce9b64b3@spto9drrm5l1d7uopaguucnxohzc3ul2yazxrldzpuoduu.taoziyoyo.com:51270?encryption=none&security=reality&pbk=v6kT7OyJHWx1ici35TT_NhY6LIBNLJn756UWLuzT03E&sid=f4e739adada623aa&flow=xtls-rprx-vision&sni=www.apple.com&fp=chrome&type=tcp#jack%40taoziyoyo.com",
    "country": "US",
    "server": "spt",
    "uid": "6UNQ4XYK"
  }
]
[2024-12-04 12:45:40] [INFO] nodeInfo-spt.json 已成功复制到共享卷的 node-info/jack/ 目录。
[2024-12-04 12:45:40] [INFO] 以下是 nodeInfo-spt.json 的内容：
[
  {
    "user": "jack@taoziyoyo.com",
    "id": "ee4cdd38-1bbd-4cf3-9ae4-54d5ce9b64b3",
    "expire": "2124-12-04T00:00:00Z",
    "subscription": "vless://ee4cdd38-1bbd-4cf3-9ae4-54d5ce9b64b3@spto9drrm5l1d7uopaguucnxohzc3ul2yazxrldzpuoduu.taoziyoyo.com:51270?encryption=none&security=reality&pbk=v6kT7OyJHWx1ici35TT_NhY6LIBNLJn756UWLuzT03E&sid=f4e739adada623aa&flow=xtls-rprx-vision&sni=www.apple.com&fp=chrome&type=tcp#jack%40taoziyoyo.com",
    "country": "US",
    "server": "spt",
    "uid": "6UNQ4XYK"
  }
]
[2024-12-04 12:45:40] [INFO] 用户: jack@taoziyoyo.com
[2024-12-04 12:45:40] [INFO] 订阅链接: vless://ee4cdd38-1bbd-4cf3-9ae4-54d5ce9b64b3@spto9drrm5l1d7uopaguucnxohzc3ul2yazxrldzpuoduu.taoziyoyo.com:51270?encryption=none&security=reality&pbk=v6kT7OyJHWx1ici35TT_NhY6LIBNLJn756UWLuzT03E&sid=f4e739adada623aa&flow=xtls-rprx-vision&sni=www.apple.com&fp=chrome&type=tcp#jack%40taoziyoyo.com
[2024-12-04 12:45:40] [INFO] 正在处理配置文件: client_me_spt_202412041231/kyler.json
[2024-12-04 12:45:40] [INFO] 已生成 users.json，内容如下：
[
  {
    "user": "kyler@taoziyoyo.com",
    "id": "b74c4b18-6941-4e85-aa34-f928f1b10582",
    "flow": "xtls-rprx-vision",
    "level": 0,
    "alterId": 0,
    "expire": "2124-12-04T00:00:00Z"
  }
]
[2024-12-04 12:45:40] [INFO] 密钥生成容器 'xray-x25519' 已经在运行。
[2024-12-04 12:45:40] [INFO] Public Key: 8h1TgCITR_5ZNwTILWkEwT5roVHmoqpCnqeaLTOnURE
[2024-12-04 12:45:40] [INFO] 密钥已保存到 /opt/docker/reality/nodeInfo/reality_kyler 目录。
[2024-12-04 12:45:40] [INFO] 正在启动 Docker 容器：reality_SPTKYL_9QUOKIRW
[2024-12-04 12:45:44] [INFO] 容器 reality_SPTKYL_9QUOKIRW 启动成功。
[2024-12-04 12:45:49] [INFO] nodeInfo-spt.json 文件已成功创建。
[2024-12-04 12:45:49] [INFO] 已成功将 nodeInfo-spt.json 拷贝到容器的根目录。
[2024-12-04 12:45:49] [INFO] 已生成 nodeInfo-spt.json，内容如下：
[
  {
    "user": "kyler@taoziyoyo.com",
    "id": "b74c4b18-6941-4e85-aa34-f928f1b10582",
    "expire": "2124-12-04T00:00:00Z",
    "subscription": "vless://b74c4b18-6941-4e85-aa34-f928f1b10582@spto9drrm5l1d7uopaguucnxohzc3ul2yazxrldzpuoduu.taoziyoyo.com:30582?encryption=none&security=reality&pbk=8h1TgCITR_5ZNwTILWkEwT5roVHmoqpCnqeaLTOnURE&sid=967482d15a61d215&flow=xtls-rprx-vision&sni=www.apple.com&fp=chrome&type=tcp#kyler%40taoziyoyo.com",
    "country": "US",
    "server": "spt",
    "uid": "9QUOKIRW"
  }
]
[2024-12-04 12:45:50] [INFO] nodeInfo-spt.json 已成功复制到共享卷的 node-info/kyler/ 目录。
[2024-12-04 12:45:50] [INFO] 以下是 nodeInfo-spt.json 的内容：
[
  {
    "user": "kyler@taoziyoyo.com",
    "id": "b74c4b18-6941-4e85-aa34-f928f1b10582",
    "expire": "2124-12-04T00:00:00Z",
    "subscription": "vless://b74c4b18-6941-4e85-aa34-f928f1b10582@spto9drrm5l1d7uopaguucnxohzc3ul2yazxrldzpuoduu.taoziyoyo.com:30582?encryption=none&security=reality&pbk=8h1TgCITR_5ZNwTILWkEwT5roVHmoqpCnqeaLTOnURE&sid=967482d15a61d215&flow=xtls-rprx-vision&sni=www.apple.com&fp=chrome&type=tcp#kyler%40taoziyoyo.com",
    "country": "US",
    "server": "spt",
    "uid": "9QUOKIRW"
  }
]
[2024-12-04 12:45:50] [INFO] 用户: kyler@taoziyoyo.com
[2024-12-04 12:45:50] [INFO] 订阅链接: vless://b74c4b18-6941-4e85-aa34-f928f1b10582@spto9drrm5l1d7uopaguucnxohzc3ul2yazxrldzpuoduu.taoziyoyo.com:30582?encryption=none&security=reality&pbk=8h1TgCITR_5ZNwTILWkEwT5roVHmoqpCnqeaLTOnURE&sid=967482d15a61d215&flow=xtls-rprx-vision&sni=www.apple.com&fp=chrome&type=tcp#kyler%40taoziyoyo.com
[2024-12-04 12:45:50] [INFO] 正在处理配置文件: client_me_spt_202412041231/night.json
[2024-12-04 12:45:50] [INFO] 已生成 users.json，内容如下：
[
  {
    "user": "night@taoziyoyo.com",
    "id": "a2480454-ecf2-484e-83d1-6fdd46f43da0",
    "flow": "xtls-rprx-vision",
    "level": 0,
    "alterId": 0,
    "expire": "2124-12-04T00:00:00Z"
  }
]
[2024-12-04 12:45:50] [INFO] 密钥生成容器 'xray-x25519' 已经在运行。
[2024-12-04 12:45:50] [INFO] Public Key: 5l16wss_mugLne7LC1iuevJgYF_GF1gF2ZvSuaXYQwE
[2024-12-04 12:45:50] [INFO] 密钥已保存到 /opt/docker/reality/nodeInfo/reality_night 目录。
[2024-12-04 12:45:50] [INFO] 正在启动 Docker 容器：reality_SPTNIG_ASO9I8FJ
[2024-12-04 12:45:53] [INFO] 容器 reality_SPTNIG_ASO9I8FJ 启动成功。
[2024-12-04 12:45:58] [INFO] nodeInfo-spt.json 文件已成功创建。
[2024-12-04 12:45:58] [INFO] 已成功将 nodeInfo-spt.json 拷贝到容器的根目录。
[2024-12-04 12:45:58] [INFO] 已生成 nodeInfo-spt.json，内容如下：
[
  {
    "user": "night@taoziyoyo.com",
    "id": "a2480454-ecf2-484e-83d1-6fdd46f43da0",
    "expire": "2124-12-04T00:00:00Z",
    "subscription": "vless://a2480454-ecf2-484e-83d1-6fdd46f43da0@spto9drrm5l1d7uopaguucnxohzc3ul2yazxrldzpuoduu.taoziyoyo.com:52733?encryption=none&security=reality&pbk=5l16wss_mugLne7LC1iuevJgYF_GF1gF2ZvSuaXYQwE&sid=9939374c326afef6&flow=xtls-rprx-vision&sni=www.apple.com&fp=chrome&type=tcp#night%40taoziyoyo.com",
    "country": "US",
    "server": "spt",
    "uid": "ASO9I8FJ"
  }
]
[2024-12-04 12:45:59] [INFO] nodeInfo-spt.json 已成功复制到共享卷的 node-info/night/ 目录。
[2024-12-04 12:45:59] [INFO] 以下是 nodeInfo-spt.json 的内容：
[
  {
    "user": "night@taoziyoyo.com",
    "id": "a2480454-ecf2-484e-83d1-6fdd46f43da0",
    "expire": "2124-12-04T00:00:00Z",
    "subscription": "vless://a2480454-ecf2-484e-83d1-6fdd46f43da0@spto9drrm5l1d7uopaguucnxohzc3ul2yazxrldzpuoduu.taoziyoyo.com:52733?encryption=none&security=reality&pbk=5l16wss_mugLne7LC1iuevJgYF_GF1gF2ZvSuaXYQwE&sid=9939374c326afef6&flow=xtls-rprx-vision&sni=www.apple.com&fp=chrome&type=tcp#night%40taoziyoyo.com",
    "country": "US",
    "server": "spt",
    "uid": "ASO9I8FJ"
  }
]
[2024-12-04 12:45:59] [INFO] 用户: night@taoziyoyo.com
[2024-12-04 12:45:59] [INFO] 订阅链接: vless://a2480454-ecf2-484e-83d1-6fdd46f43da0@spto9drrm5l1d7uopaguucnxohzc3ul2yazxrldzpuoduu.taoziyoyo.com:52733?encryption=none&security=reality&pbk=5l16wss_mugLne7LC1iuevJgYF_GF1gF2ZvSuaXYQwE&sid=9939374c326afef6&flow=xtls-rprx-vision&sni=www.apple.com&fp=chrome&type=tcp#night%40taoziyoyo.com
[2024-12-04 12:45:59] [INFO] 正在处理配置文件: client_me_spt_202412041231/qin.json
[2024-12-04 12:45:59] [INFO] 已生成 users.json，内容如下：
[
  {
    "user": "qin@taoziyoyo.com",
    "id": "eba4bdc1-06d7-4ba6-bed9-2175fe6ef46c",
    "flow": "xtls-rprx-vision",
    "level": 0,
    "alterId": 0,
    "expire": "2124-12-04T00:00:00Z"
  }
]
[2024-12-04 12:45:59] [INFO] 密钥生成容器 'xray-x25519' 已经在运行。
[2024-12-04 12:45:59] [INFO] Public Key: LedMRkClhGoGFIJmOeh0-yrXbep4fCF2ptkA0tax5AI
[2024-12-04 12:45:59] [INFO] 密钥已保存到 /opt/docker/reality/nodeInfo/reality_qin 目录。
[2024-12-04 12:45:59] [INFO] 正在启动 Docker 容器：reality_SPTQIN_RWII16RM
[2024-12-04 12:46:03] [INFO] 容器 reality_SPTQIN_RWII16RM 启动成功。
[2024-12-04 12:46:08] [INFO] nodeInfo-spt.json 文件已成功创建。
[2024-12-04 12:46:08] [INFO] 已成功将 nodeInfo-spt.json 拷贝到容器的根目录。
[2024-12-04 12:46:08] [INFO] 已生成 nodeInfo-spt.json，内容如下：
[
  {
    "user": "qin@taoziyoyo.com",
    "id": "eba4bdc1-06d7-4ba6-bed9-2175fe6ef46c",
    "expire": "2124-12-04T00:00:00Z",
    "subscription": "vless://eba4bdc1-06d7-4ba6-bed9-2175fe6ef46c@spto9drrm5l1d7uopaguucnxohzc3ul2yazxrldzpuoduu.taoziyoyo.com:38347?encryption=none&security=reality&pbk=LedMRkClhGoGFIJmOeh0-yrXbep4fCF2ptkA0tax5AI&sid=35913b03f1a41f5a&flow=xtls-rprx-vision&sni=www.apple.com&fp=chrome&type=tcp#qin%40taoziyoyo.com",
    "country": "US",
    "server": "spt",
    "uid": "RWII16RM"
  }
]
[2024-12-04 12:46:09] [INFO] nodeInfo-spt.json 已成功复制到共享卷的 node-info/qin/ 目录。
[2024-12-04 12:46:09] [INFO] 以下是 nodeInfo-spt.json 的内容：
[
  {
    "user": "qin@taoziyoyo.com",
    "id": "eba4bdc1-06d7-4ba6-bed9-2175fe6ef46c",
    "expire": "2124-12-04T00:00:00Z",
    "subscription": "vless://eba4bdc1-06d7-4ba6-bed9-2175fe6ef46c@spto9drrm5l1d7uopaguucnxohzc3ul2yazxrldzpuoduu.taoziyoyo.com:38347?encryption=none&security=reality&pbk=LedMRkClhGoGFIJmOeh0-yrXbep4fCF2ptkA0tax5AI&sid=35913b03f1a41f5a&flow=xtls-rprx-vision&sni=www.apple.com&fp=chrome&type=tcp#qin%40taoziyoyo.com",
    "country": "US",
    "server": "spt",
    "uid": "RWII16RM"
  }
]
[2024-12-04 12:46:09] [INFO] 用户: qin@taoziyoyo.com
[2024-12-04 12:46:09] [INFO] 订阅链接: vless://eba4bdc1-06d7-4ba6-bed9-2175fe6ef46c@spto9drrm5l1d7uopaguucnxohzc3ul2yazxrldzpuoduu.taoziyoyo.com:38347?encryption=none&security=reality&pbk=LedMRkClhGoGFIJmOeh0-yrXbep4fCF2ptkA0tax5AI&sid=35913b03f1a41f5a&flow=xtls-rprx-vision&sni=www.apple.com&fp=chrome&type=tcp#qin%40taoziyoyo.com
[2024-12-04 12:46:09] [INFO] 操作成功完成。
[2024-12-04 12:50:32] [INFO] 跳过 Docker 镜像构建，使用现有镜像。
[2024-12-04 12:50:32] [INFO] 使用现有的镜像：vless_reality:v10_20241202163504
[2024-12-04 12:50:32] [INFO] 正在处理配置文件: client_chatgpt_spt_202412041232/ceci.json
[2024-12-04 12:50:32] [INFO] 已生成 users.json，内容如下：
[
  {
    "user": "ceci@taoziyoyo.com",
    "id": "02a5b0ff-459a-49ee-b568-d1a0e07ed1dd",
    "flow": "xtls-rprx-vision",
    "level": 0,
    "alterId": 0,
    "expire": "2124-12-04T00:00:00Z"
  }
]
[2024-12-04 12:50:32] [INFO] 密钥生成容器 'xray-x25519' 已经在运行。
[2024-12-04 12:50:32] [INFO] Public Key: aUWJCgL6E1xzgRpFbDruC8QmqmDhXo-rWtB19-BVnyw
[2024-12-04 12:50:32] [INFO] 密钥已保存到 /opt/docker/reality/nodeInfo/reality_ceci 目录。
[2024-12-04 12:50:32] [INFO] 正在启动 Docker 容器：reality_SPTCEC_YBZXYL23
[2024-12-04 12:50:35] [INFO] 容器 reality_SPTCEC_YBZXYL23 启动成功。
[2024-12-04 12:50:40] [INFO] nodeInfo-spt.json 文件已成功创建。
[2024-12-04 12:50:40] [INFO] 已成功将 nodeInfo-spt.json 拷贝到容器的根目录。
[2024-12-04 12:50:40] [INFO] 已生成 nodeInfo-spt.json，内容如下：
[
  {
    "user": "ceci@taoziyoyo.com",
    "id": "02a5b0ff-459a-49ee-b568-d1a0e07ed1dd",
    "expire": "2124-12-04T00:00:00Z",
    "subscription": "vless://02a5b0ff-459a-49ee-b568-d1a0e07ed1dd@spto9drrm5l1d7uopaguucnxohzc3ul2yazxrldzpuoduu.taoziyoyo.com:41868?encryption=none&security=reality&pbk=aUWJCgL6E1xzgRpFbDruC8QmqmDhXo-rWtB19-BVnyw&sid=4e26016e67f4ceac&flow=xtls-rprx-vision&sni=www.apple.com&fp=chrome&type=tcp#ceci%40taoziyoyo.com",
    "country": "US",
    "server": "spt",
    "uid": "YBZXYL23"
  }
]
[2024-12-04 12:50:41] [INFO] nodeInfo-spt.json 已成功复制到共享卷的 node-info/ceci/ 目录。
[2024-12-04 12:50:41] [INFO] 以下是 nodeInfo-spt.json 的内容：
[
  {
    "user": "ceci@taoziyoyo.com",
    "id": "02a5b0ff-459a-49ee-b568-d1a0e07ed1dd",
    "expire": "2124-12-04T00:00:00Z",
    "subscription": "vless://02a5b0ff-459a-49ee-b568-d1a0e07ed1dd@spto9drrm5l1d7uopaguucnxohzc3ul2yazxrldzpuoduu.taoziyoyo.com:41868?encryption=none&security=reality&pbk=aUWJCgL6E1xzgRpFbDruC8QmqmDhXo-rWtB19-BVnyw&sid=4e26016e67f4ceac&flow=xtls-rprx-vision&sni=www.apple.com&fp=chrome&type=tcp#ceci%40taoziyoyo.com",
    "country": "US",
    "server": "spt",
    "uid": "YBZXYL23"
  }
]
[2024-12-04 12:50:41] [INFO] 用户: ceci@taoziyoyo.com
[2024-12-04 12:50:41] [INFO] 订阅链接: vless://02a5b0ff-459a-49ee-b568-d1a0e07ed1dd@spto9drrm5l1d7uopaguucnxohzc3ul2yazxrldzpuoduu.taoziyoyo.com:41868?encryption=none&security=reality&pbk=aUWJCgL6E1xzgRpFbDruC8QmqmDhXo-rWtB19-BVnyw&sid=4e26016e67f4ceac&flow=xtls-rprx-vision&sni=www.apple.com&fp=chrome&type=tcp#ceci%40taoziyoyo.com
[2024-12-04 12:50:41] [INFO] 正在处理配置文件: client_chatgpt_spt_202412041232/han.json
[2024-12-04 12:50:41] [INFO] 已生成 users.json，内容如下：
[
  {
    "user": "han@taoziyoyo.com",
    "id": "87f4a743-cf8b-485e-9468-9a9c1f1cc8e9",
    "flow": "xtls-rprx-vision",
    "level": 0,
    "alterId": 0,
    "expire": "2124-12-04T00:00:00Z"
  }
]
[2024-12-04 12:50:41] [INFO] 密钥生成容器 'xray-x25519' 已经在运行。
[2024-12-04 12:50:41] [INFO] Public Key: jlEq7kx-fXOF-WcCOjHiVbUaUD7uWQouN5rtQCdbtA8
[2024-12-04 12:50:41] [INFO] 密钥已保存到 /opt/docker/reality/nodeInfo/reality_han 目录。
[2024-12-04 12:50:41] [INFO] 正在启动 Docker 容器：reality_SPTHAN_7XL024RB
[2024-12-04 12:50:45] [INFO] 容器 reality_SPTHAN_7XL024RB 启动成功。
[2024-12-04 12:50:50] [INFO] nodeInfo-spt.json 文件已成功创建。
[2024-12-04 12:50:50] [INFO] 已成功将 nodeInfo-spt.json 拷贝到容器的根目录。
[2024-12-04 12:50:50] [INFO] 已生成 nodeInfo-spt.json，内容如下：
[
  {
    "user": "han@taoziyoyo.com",
    "id": "87f4a743-cf8b-485e-9468-9a9c1f1cc8e9",
    "expire": "2124-12-04T00:00:00Z",
    "subscription": "vless://87f4a743-cf8b-485e-9468-9a9c1f1cc8e9@spto9drrm5l1d7uopaguucnxohzc3ul2yazxrldzpuoduu.taoziyoyo.com:42694?encryption=none&security=reality&pbk=jlEq7kx-fXOF-WcCOjHiVbUaUD7uWQouN5rtQCdbtA8&sid=b4fd7d016c9f3fa9&flow=xtls-rprx-vision&sni=www.apple.com&fp=chrome&type=tcp#han%40taoziyoyo.com",
    "country": "US",
    "server": "spt",
    "uid": "7XL024RB"
  }
]
[2024-12-04 12:50:50] [INFO] nodeInfo-spt.json 已成功复制到共享卷的 node-info/han/ 目录。
[2024-12-04 12:50:50] [INFO] 以下是 nodeInfo-spt.json 的内容：
[
  {
    "user": "han@taoziyoyo.com",
    "id": "87f4a743-cf8b-485e-9468-9a9c1f1cc8e9",
    "expire": "2124-12-04T00:00:00Z",
    "subscription": "vless://87f4a743-cf8b-485e-9468-9a9c1f1cc8e9@spto9drrm5l1d7uopaguucnxohzc3ul2yazxrldzpuoduu.taoziyoyo.com:42694?encryption=none&security=reality&pbk=jlEq7kx-fXOF-WcCOjHiVbUaUD7uWQouN5rtQCdbtA8&sid=b4fd7d016c9f3fa9&flow=xtls-rprx-vision&sni=www.apple.com&fp=chrome&type=tcp#han%40taoziyoyo.com",
    "country": "US",
    "server": "spt",
    "uid": "7XL024RB"
  }
]
[2024-12-04 12:50:51] [INFO] 用户: han@taoziyoyo.com
[2024-12-04 12:50:51] [INFO] 订阅链接: vless://87f4a743-cf8b-485e-9468-9a9c1f1cc8e9@spto9drrm5l1d7uopaguucnxohzc3ul2yazxrldzpuoduu.taoziyoyo.com:42694?encryption=none&security=reality&pbk=jlEq7kx-fXOF-WcCOjHiVbUaUD7uWQouN5rtQCdbtA8&sid=b4fd7d016c9f3fa9&flow=xtls-rprx-vision&sni=www.apple.com&fp=chrome&type=tcp#han%40taoziyoyo.com
[2024-12-04 12:50:51] [INFO] 正在处理配置文件: client_chatgpt_spt_202412041232/iceberg.json
[2024-12-04 12:50:51] [INFO] 已生成 users.json，内容如下：
[
  {
    "user": "iceberg@taoziyoyo.com",
    "id": "960e9b22-b8b1-4943-b57f-551b6fe776db",
    "flow": "xtls-rprx-vision",
    "level": 0,
    "alterId": 0,
    "expire": "2124-12-04T00:00:00Z"
  }
]
[2024-12-04 12:50:51] [INFO] 密钥生成容器 'xray-x25519' 已经在运行。
[2024-12-04 12:50:51] [INFO] Public Key: YRPwX9H7TWN-Vl41Z3u824A2lDpJfEMpbu19StoLu2A
[2024-12-04 12:50:51] [INFO] 密钥已保存到 /opt/docker/reality/nodeInfo/reality_iceberg 目录。
[2024-12-04 12:50:51] [INFO] 正在启动 Docker 容器：reality_SPTICE_F3NUV3GA
[2024-12-04 12:50:54] [INFO] 容器 reality_SPTICE_F3NUV3GA 启动成功。
[2024-12-04 12:50:59] [INFO] nodeInfo-spt.json 文件已成功创建。
[2024-12-04 12:50:59] [INFO] 已成功将 nodeInfo-spt.json 拷贝到容器的根目录。
[2024-12-04 12:50:59] [INFO] 已生成 nodeInfo-spt.json，内容如下：
[
  {
    "user": "iceberg@taoziyoyo.com",
    "id": "960e9b22-b8b1-4943-b57f-551b6fe776db",
    "expire": "2124-12-04T00:00:00Z",
    "subscription": "vless://960e9b22-b8b1-4943-b57f-551b6fe776db@spto9drrm5l1d7uopaguucnxohzc3ul2yazxrldzpuoduu.taoziyoyo.com:51959?encryption=none&security=reality&pbk=YRPwX9H7TWN-Vl41Z3u824A2lDpJfEMpbu19StoLu2A&sid=151537f3953b3d87&flow=xtls-rprx-vision&sni=www.apple.com&fp=chrome&type=tcp#iceberg%40taoziyoyo.com",
    "country": "US",
    "server": "spt",
    "uid": "F3NUV3GA"
  }
]
[2024-12-04 12:51:00] [INFO] nodeInfo-spt.json 已成功复制到共享卷的 node-info/iceberg/ 目录。
[2024-12-04 12:51:00] [INFO] 以下是 nodeInfo-spt.json 的内容：
[
  {
    "user": "iceberg@taoziyoyo.com",
    "id": "960e9b22-b8b1-4943-b57f-551b6fe776db",
    "expire": "2124-12-04T00:00:00Z",
    "subscription": "vless://960e9b22-b8b1-4943-b57f-551b6fe776db@spto9drrm5l1d7uopaguucnxohzc3ul2yazxrldzpuoduu.taoziyoyo.com:51959?encryption=none&security=reality&pbk=YRPwX9H7TWN-Vl41Z3u824A2lDpJfEMpbu19StoLu2A&sid=151537f3953b3d87&flow=xtls-rprx-vision&sni=www.apple.com&fp=chrome&type=tcp#iceberg%40taoziyoyo.com",
    "country": "US",
    "server": "spt",
    "uid": "F3NUV3GA"
  }
]
[2024-12-04 12:51:00] [INFO] 用户: iceberg@taoziyoyo.com
[2024-12-04 12:51:00] [INFO] 订阅链接: vless://960e9b22-b8b1-4943-b57f-551b6fe776db@spto9drrm5l1d7uopaguucnxohzc3ul2yazxrldzpuoduu.taoziyoyo.com:51959?encryption=none&security=reality&pbk=YRPwX9H7TWN-Vl41Z3u824A2lDpJfEMpbu19StoLu2A&sid=151537f3953b3d87&flow=xtls-rprx-vision&sni=www.apple.com&fp=chrome&type=tcp#iceberg%40taoziyoyo.com
[2024-12-04 12:51:00] [INFO] 正在处理配置文件: client_chatgpt_spt_202412041232/jack.json
[2024-12-04 12:51:00] [INFO] 已生成 users.json，内容如下：
[
  {
    "user": "jack@taoziyoyo.com",
    "id": "bbf158d2-3eac-496e-9637-07baac4ab425",
    "flow": "xtls-rprx-vision",
    "level": 0,
    "alterId": 0,
    "expire": "2124-12-04T00:00:00Z"
  }
]
[2024-12-04 12:51:00] [INFO] 密钥生成容器 'xray-x25519' 已经在运行。
[2024-12-04 12:51:00] [INFO] Public Key: iU1qTQjAwQfAUylxHjVfaOL9OJGj1EBXnF4_AhYfEG8
[2024-12-04 12:51:00] [INFO] 密钥已保存到 /opt/docker/reality/nodeInfo/reality_jack 目录。
[2024-12-04 12:51:00] [INFO] 正在启动 Docker 容器：reality_SPTJAC_KDNMU7GJ
[2024-12-04 12:51:03] [INFO] 容器 reality_SPTJAC_KDNMU7GJ 启动成功。
[2024-12-04 12:51:09] [INFO] nodeInfo-spt.json 文件已成功创建。
[2024-12-04 12:51:09] [INFO] 已成功将 nodeInfo-spt.json 拷贝到容器的根目录。
[2024-12-04 12:51:09] [INFO] 已生成 nodeInfo-spt.json，内容如下：
[
  {
    "user": "jack@taoziyoyo.com",
    "id": "bbf158d2-3eac-496e-9637-07baac4ab425",
    "expire": "2124-12-04T00:00:00Z",
    "subscription": "vless://bbf158d2-3eac-496e-9637-07baac4ab425@spto9drrm5l1d7uopaguucnxohzc3ul2yazxrldzpuoduu.taoziyoyo.com:52368?encryption=none&security=reality&pbk=iU1qTQjAwQfAUylxHjVfaOL9OJGj1EBXnF4_AhYfEG8&sid=a4256a28f629a324&flow=xtls-rprx-vision&sni=www.apple.com&fp=chrome&type=tcp#jack%40taoziyoyo.com",
    "country": "US",
    "server": "spt",
    "uid": "KDNMU7GJ"
  }
]
[2024-12-04 12:51:09] [INFO] nodeInfo-spt.json 已成功复制到共享卷的 node-info/jack/ 目录。
[2024-12-04 12:51:09] [INFO] 以下是 nodeInfo-spt.json 的内容：
[
  {
    "user": "jack@taoziyoyo.com",
    "id": "bbf158d2-3eac-496e-9637-07baac4ab425",
    "expire": "2124-12-04T00:00:00Z",
    "subscription": "vless://bbf158d2-3eac-496e-9637-07baac4ab425@spto9drrm5l1d7uopaguucnxohzc3ul2yazxrldzpuoduu.taoziyoyo.com:52368?encryption=none&security=reality&pbk=iU1qTQjAwQfAUylxHjVfaOL9OJGj1EBXnF4_AhYfEG8&sid=a4256a28f629a324&flow=xtls-rprx-vision&sni=www.apple.com&fp=chrome&type=tcp#jack%40taoziyoyo.com",
    "country": "US",
    "server": "spt",
    "uid": "KDNMU7GJ"
  }
]
[2024-12-04 12:51:09] [INFO] 用户: jack@taoziyoyo.com
[2024-12-04 12:51:09] [INFO] 订阅链接: vless://bbf158d2-3eac-496e-9637-07baac4ab425@spto9drrm5l1d7uopaguucnxohzc3ul2yazxrldzpuoduu.taoziyoyo.com:52368?encryption=none&security=reality&pbk=iU1qTQjAwQfAUylxHjVfaOL9OJGj1EBXnF4_AhYfEG8&sid=a4256a28f629a324&flow=xtls-rprx-vision&sni=www.apple.com&fp=chrome&type=tcp#jack%40taoziyoyo.com
[2024-12-04 12:51:09] [INFO] 正在处理配置文件: client_chatgpt_spt_202412041232/kyler.json
[2024-12-04 12:51:10] [INFO] 已生成 users.json，内容如下：
[
  {
    "user": "kyler@taoziyoyo.com",
    "id": "14da6701-be3d-4624-9f8d-df983fc33d69",
    "flow": "xtls-rprx-vision",
    "level": 0,
    "alterId": 0,
    "expire": "2124-12-04T00:00:00Z"
  }
]
[2024-12-04 12:51:10] [INFO] 密钥生成容器 'xray-x25519' 已经在运行。
[2024-12-04 12:51:10] [INFO] Public Key: RudIQjPe2XJq5hNGCY2wCtzvDJePja8b5wypJGywPw0
[2024-12-04 12:51:10] [INFO] 密钥已保存到 /opt/docker/reality/nodeInfo/reality_kyler 目录。
[2024-12-04 12:51:10] [INFO] 正在启动 Docker 容器：reality_SPTKYL_SCICOK7V
[2024-12-04 12:51:13] [INFO] 容器 reality_SPTKYL_SCICOK7V 启动成功。
[2024-12-04 12:51:18] [INFO] nodeInfo-spt.json 文件已成功创建。
[2024-12-04 12:51:18] [INFO] 已成功将 nodeInfo-spt.json 拷贝到容器的根目录。
[2024-12-04 12:51:18] [INFO] 已生成 nodeInfo-spt.json，内容如下：
[
  {
    "user": "kyler@taoziyoyo.com",
    "id": "14da6701-be3d-4624-9f8d-df983fc33d69",
    "expire": "2124-12-04T00:00:00Z",
    "subscription": "vless://14da6701-be3d-4624-9f8d-df983fc33d69@spto9drrm5l1d7uopaguucnxohzc3ul2yazxrldzpuoduu.taoziyoyo.com:33880?encryption=none&security=reality&pbk=RudIQjPe2XJq5hNGCY2wCtzvDJePja8b5wypJGywPw0&sid=ea25deb730182200&flow=xtls-rprx-vision&sni=www.apple.com&fp=chrome&type=tcp#kyler%40taoziyoyo.com",
    "country": "US",
    "server": "spt",
    "uid": "SCICOK7V"
  }
]
[2024-12-04 12:51:19] [INFO] nodeInfo-spt.json 已成功复制到共享卷的 node-info/kyler/ 目录。
[2024-12-04 12:51:19] [INFO] 以下是 nodeInfo-spt.json 的内容：
[
  {
    "user": "kyler@taoziyoyo.com",
    "id": "14da6701-be3d-4624-9f8d-df983fc33d69",
    "expire": "2124-12-04T00:00:00Z",
    "subscription": "vless://14da6701-be3d-4624-9f8d-df983fc33d69@spto9drrm5l1d7uopaguucnxohzc3ul2yazxrldzpuoduu.taoziyoyo.com:33880?encryption=none&security=reality&pbk=RudIQjPe2XJq5hNGCY2wCtzvDJePja8b5wypJGywPw0&sid=ea25deb730182200&flow=xtls-rprx-vision&sni=www.apple.com&fp=chrome&type=tcp#kyler%40taoziyoyo.com",
    "country": "US",
    "server": "spt",
    "uid": "SCICOK7V"
  }
]
[2024-12-04 12:51:19] [INFO] 用户: kyler@taoziyoyo.com
[2024-12-04 12:51:19] [INFO] 订阅链接: vless://14da6701-be3d-4624-9f8d-df983fc33d69@spto9drrm5l1d7uopaguucnxohzc3ul2yazxrldzpuoduu.taoziyoyo.com:33880?encryption=none&security=reality&pbk=RudIQjPe2XJq5hNGCY2wCtzvDJePja8b5wypJGywPw0&sid=ea25deb730182200&flow=xtls-rprx-vision&sni=www.apple.com&fp=chrome&type=tcp#kyler%40taoziyoyo.com
[2024-12-04 12:51:19] [INFO] 正在处理配置文件: client_chatgpt_spt_202412041232/night.json
[2024-12-04 12:51:19] [INFO] 已生成 users.json，内容如下：
[
  {
    "user": "night@taoziyoyo.com",
    "id": "7b3cf2b1-2917-4cf1-af8b-f0f901805599",
    "flow": "xtls-rprx-vision",
    "level": 0,
    "alterId": 0,
    "expire": "2124-12-04T00:00:00Z"
  }
]
[2024-12-04 12:51:19] [INFO] 密钥生成容器 'xray-x25519' 已经在运行。
[2024-12-04 12:51:19] [INFO] Public Key: ywHh-ZFPudeGPvT7M9vXiufcVweiLc6_8FoMWHqMkis
[2024-12-04 12:51:19] [INFO] 密钥已保存到 /opt/docker/reality/nodeInfo/reality_night 目录。
[2024-12-04 12:51:19] [INFO] 正在启动 Docker 容器：reality_SPTNIG_1RV01DS9
[2024-12-04 12:51:23] [INFO] 容器 reality_SPTNIG_1RV01DS9 启动成功。
[2024-12-04 12:51:28] [INFO] nodeInfo-spt.json 文件已成功创建。
[2024-12-04 12:51:28] [INFO] 已成功将 nodeInfo-spt.json 拷贝到容器的根目录。
[2024-12-04 12:51:28] [INFO] 已生成 nodeInfo-spt.json，内容如下：
[
  {
    "user": "night@taoziyoyo.com",
    "id": "7b3cf2b1-2917-4cf1-af8b-f0f901805599",
    "expire": "2124-12-04T00:00:00Z",
    "subscription": "vless://7b3cf2b1-2917-4cf1-af8b-f0f901805599@spto9drrm5l1d7uopaguucnxohzc3ul2yazxrldzpuoduu.taoziyoyo.com:34847?encryption=none&security=reality&pbk=ywHh-ZFPudeGPvT7M9vXiufcVweiLc6_8FoMWHqMkis&sid=80ec8f1dc17d45d5&flow=xtls-rprx-vision&sni=www.apple.com&fp=chrome&type=tcp#night%40taoziyoyo.com",
    "country": "US",
    "server": "spt",
    "uid": "1RV01DS9"
  }
]
[2024-12-04 12:51:28] [INFO] nodeInfo-spt.json 已成功复制到共享卷的 node-info/night/ 目录。
[2024-12-04 12:51:28] [INFO] 以下是 nodeInfo-spt.json 的内容：
[
  {
    "user": "night@taoziyoyo.com",
    "id": "7b3cf2b1-2917-4cf1-af8b-f0f901805599",
    "expire": "2124-12-04T00:00:00Z",
    "subscription": "vless://7b3cf2b1-2917-4cf1-af8b-f0f901805599@spto9drrm5l1d7uopaguucnxohzc3ul2yazxrldzpuoduu.taoziyoyo.com:34847?encryption=none&security=reality&pbk=ywHh-ZFPudeGPvT7M9vXiufcVweiLc6_8FoMWHqMkis&sid=80ec8f1dc17d45d5&flow=xtls-rprx-vision&sni=www.apple.com&fp=chrome&type=tcp#night%40taoziyoyo.com",
    "country": "US",
    "server": "spt",
    "uid": "1RV01DS9"
  }
]
[2024-12-04 12:51:28] [INFO] 用户: night@taoziyoyo.com
[2024-12-04 12:51:28] [INFO] 订阅链接: vless://7b3cf2b1-2917-4cf1-af8b-f0f901805599@spto9drrm5l1d7uopaguucnxohzc3ul2yazxrldzpuoduu.taoziyoyo.com:34847?encryption=none&security=reality&pbk=ywHh-ZFPudeGPvT7M9vXiufcVweiLc6_8FoMWHqMkis&sid=80ec8f1dc17d45d5&flow=xtls-rprx-vision&sni=www.apple.com&fp=chrome&type=tcp#night%40taoziyoyo.com
[2024-12-04 12:51:28] [INFO] 正在处理配置文件: client_chatgpt_spt_202412041232/qin.json
[2024-12-04 12:51:28] [INFO] 已生成 users.json，内容如下：
[
  {
    "user": "qin@taoziyoyo.com",
    "id": "598dae92-e450-497e-8e5d-42f98d9192bc",
    "flow": "xtls-rprx-vision",
    "level": 0,
    "alterId": 0,
    "expire": "2124-12-04T00:00:00Z"
  }
]
[2024-12-04 12:51:29] [INFO] 密钥生成容器 'xray-x25519' 已经在运行。
[2024-12-04 12:51:29] [INFO] Public Key: XXujmLwduRthaoIS__CGGSG7WoJaCvWcOR1yNVxDYzs
[2024-12-04 12:51:29] [INFO] 密钥已保存到 /opt/docker/reality/nodeInfo/reality_qin 目录。
[2024-12-04 12:51:29] [INFO] 正在启动 Docker 容器：reality_SPTQIN_DB64FH4O
[2024-12-04 12:51:32] [INFO] 容器 reality_SPTQIN_DB64FH4O 启动成功。
[2024-12-04 12:51:37] [INFO] nodeInfo-spt.json 文件已成功创建。
[2024-12-04 12:51:37] [INFO] 已成功将 nodeInfo-spt.json 拷贝到容器的根目录。
[2024-12-04 12:51:37] [INFO] 已生成 nodeInfo-spt.json，内容如下：
[
  {
    "user": "qin@taoziyoyo.com",
    "id": "598dae92-e450-497e-8e5d-42f98d9192bc",
    "expire": "2124-12-04T00:00:00Z",
    "subscription": "vless://598dae92-e450-497e-8e5d-42f98d9192bc@spto9drrm5l1d7uopaguucnxohzc3ul2yazxrldzpuoduu.taoziyoyo.com:33065?encryption=none&security=reality&pbk=XXujmLwduRthaoIS__CGGSG7WoJaCvWcOR1yNVxDYzs&sid=3ab8e5866c25f2a1&flow=xtls-rprx-vision&sni=www.apple.com&fp=chrome&type=tcp#qin%40taoziyoyo.com",
    "country": "US",
    "server": "spt",
    "uid": "DB64FH4O"
  }
]
[2024-12-04 12:51:38] [INFO] nodeInfo-spt.json 已成功复制到共享卷的 node-info/qin/ 目录。
[2024-12-04 12:51:38] [INFO] 以下是 nodeInfo-spt.json 的内容：
[
  {
    "user": "qin@taoziyoyo.com",
    "id": "598dae92-e450-497e-8e5d-42f98d9192bc",
    "expire": "2124-12-04T00:00:00Z",
    "subscription": "vless://598dae92-e450-497e-8e5d-42f98d9192bc@spto9drrm5l1d7uopaguucnxohzc3ul2yazxrldzpuoduu.taoziyoyo.com:33065?encryption=none&security=reality&pbk=XXujmLwduRthaoIS__CGGSG7WoJaCvWcOR1yNVxDYzs&sid=3ab8e5866c25f2a1&flow=xtls-rprx-vision&sni=www.apple.com&fp=chrome&type=tcp#qin%40taoziyoyo.com",
    "country": "US",
    "server": "spt",
    "uid": "DB64FH4O"
  }
]
[2024-12-04 12:51:38] [INFO] 用户: qin@taoziyoyo.com
[2024-12-04 12:51:38] [INFO] 订阅链接: vless://598dae92-e450-497e-8e5d-42f98d9192bc@spto9drrm5l1d7uopaguucnxohzc3ul2yazxrldzpuoduu.taoziyoyo.com:33065?encryption=none&security=reality&pbk=XXujmLwduRthaoIS__CGGSG7WoJaCvWcOR1yNVxDYzs&sid=3ab8e5866c25f2a1&flow=xtls-rprx-vision&sni=www.apple.com&fp=chrome&type=tcp#qin%40taoziyoyo.com
[2024-12-04 12:51:38] [INFO] 操作成功完成。
[2024-12-04 12:53:15] [INFO] 跳过 Docker 镜像构建，使用现有镜像。
[2024-12-04 12:53:15] [INFO] 使用现有的镜像：vless_reality:v10_20241202163504
[2024-12-04 12:53:15] [INFO] 正在处理配置文件: client_me_spt_202412041252//cpp.json
[2024-12-04 12:53:16] [INFO] 已生成 users.json，内容如下：
[
  {
    "user": "cpp@taoziyoyo.com",
    "id": "c7284c20-72a2-4297-90a9-16903c9b532b",
    "flow": "xtls-rprx-vision",
    "level": 0,
    "alterId": 0,
    "expire": "2124-12-04T00:00:00Z"
  }
]
[2024-12-04 12:53:16] [INFO] 密钥生成容器 'xray-x25519' 已经在运行。
[2024-12-04 12:53:16] [INFO] Public Key: JAxMh5KtRBnD6uwVBBvlR7oVdZma_-bWO5SbRZlGFQA
[2024-12-04 12:53:16] [INFO] 密钥已保存到 /opt/docker/reality/nodeInfo/reality_cpp 目录。
[2024-12-04 12:53:16] [INFO] 正在启动 Docker 容器：reality_SPTCPP_FRGPF2I3
[2024-12-04 12:53:19] [INFO] 容器 reality_SPTCPP_FRGPF2I3 启动成功。
[2024-12-04 12:53:24] [INFO] nodeInfo-spt.json 文件已成功创建。
[2024-12-04 12:53:24] [INFO] 已成功将 nodeInfo-spt.json 拷贝到容器的根目录。
[2024-12-04 12:53:24] [INFO] 已生成 nodeInfo-spt.json，内容如下：
[
  {
    "user": "cpp@taoziyoyo.com",
    "id": "c7284c20-72a2-4297-90a9-16903c9b532b",
    "expire": "2124-12-04T00:00:00Z",
    "subscription": "vless://c7284c20-72a2-4297-90a9-16903c9b532b@spto9drrm5l1d7uopaguucnxohzc3ul2yazxrldzpuoduu.taoziyoyo.com:36972?encryption=none&security=reality&pbk=JAxMh5KtRBnD6uwVBBvlR7oVdZma_-bWO5SbRZlGFQA&sid=001949da657266ae&flow=xtls-rprx-vision&sni=www.apple.com&fp=chrome&type=tcp#cpp%40taoziyoyo.com",
    "country": "US",
    "server": "spt",
    "uid": "FRGPF2I3"
  }
]
[2024-12-04 12:53:25] [INFO] nodeInfo-spt.json 已成功复制到共享卷的 node-info/cpp/ 目录。
[2024-12-04 12:53:25] [INFO] 以下是 nodeInfo-spt.json 的内容：
[
  {
    "user": "cpp@taoziyoyo.com",
    "id": "c7284c20-72a2-4297-90a9-16903c9b532b",
    "expire": "2124-12-04T00:00:00Z",
    "subscription": "vless://c7284c20-72a2-4297-90a9-16903c9b532b@spto9drrm5l1d7uopaguucnxohzc3ul2yazxrldzpuoduu.taoziyoyo.com:36972?encryption=none&security=reality&pbk=JAxMh5KtRBnD6uwVBBvlR7oVdZma_-bWO5SbRZlGFQA&sid=001949da657266ae&flow=xtls-rprx-vision&sni=www.apple.com&fp=chrome&type=tcp#cpp%40taoziyoyo.com",
    "country": "US",
    "server": "spt",
    "uid": "FRGPF2I3"
  }
]
[2024-12-04 12:53:25] [INFO] 用户: cpp@taoziyoyo.com
[2024-12-04 12:53:25] [INFO] 订阅链接: vless://c7284c20-72a2-4297-90a9-16903c9b532b@spto9drrm5l1d7uopaguucnxohzc3ul2yazxrldzpuoduu.taoziyoyo.com:36972?encryption=none&security=reality&pbk=JAxMh5KtRBnD6uwVBBvlR7oVdZma_-bWO5SbRZlGFQA&sid=001949da657266ae&flow=xtls-rprx-vision&sni=www.apple.com&fp=chrome&type=tcp#cpp%40taoziyoyo.com
[2024-12-04 12:53:25] [INFO] 正在处理配置文件: client_me_spt_202412041252//frank.json
[2024-12-04 12:53:25] [INFO] 已生成 users.json，内容如下：
[
  {
    "user": "frank@taoziyoyo.com",
    "id": "b11bdb17-450d-4ece-afd9-2dfa65328d5f",
    "flow": "xtls-rprx-vision",
    "level": 0,
    "alterId": 0,
    "expire": "2124-12-04T00:00:00Z"
  }
]
[2024-12-04 12:53:25] [INFO] 密钥生成容器 'xray-x25519' 已经在运行。
[2024-12-04 12:53:25] [INFO] Public Key: w0i0msg_hlzagmHjz640Cit1Kzn45E5gndxvLj1Fvl4
[2024-12-04 12:53:25] [INFO] 密钥已保存到 /opt/docker/reality/nodeInfo/reality_frank 目录。
[2024-12-04 12:53:25] [INFO] 正在启动 Docker 容器：reality_SPTFRA_5H8NY7S0
[2024-12-04 12:53:28] [INFO] 容器 reality_SPTFRA_5H8NY7S0 启动成功。
[2024-12-04 12:53:34] [INFO] nodeInfo-spt.json 文件已成功创建。
[2024-12-04 12:53:34] [INFO] 已成功将 nodeInfo-spt.json 拷贝到容器的根目录。
[2024-12-04 12:53:34] [INFO] 已生成 nodeInfo-spt.json，内容如下：
[
  {
    "user": "frank@taoziyoyo.com",
    "id": "b11bdb17-450d-4ece-afd9-2dfa65328d5f",
    "expire": "2124-12-04T00:00:00Z",
    "subscription": "vless://b11bdb17-450d-4ece-afd9-2dfa65328d5f@spto9drrm5l1d7uopaguucnxohzc3ul2yazxrldzpuoduu.taoziyoyo.com:38724?encryption=none&security=reality&pbk=w0i0msg_hlzagmHjz640Cit1Kzn45E5gndxvLj1Fvl4&sid=b6db1276e4530cdc&flow=xtls-rprx-vision&sni=www.apple.com&fp=chrome&type=tcp#frank%40taoziyoyo.com",
    "country": "US",
    "server": "spt",
    "uid": "5H8NY7S0"
  }
]
[2024-12-04 12:53:34] [INFO] nodeInfo-spt.json 已成功复制到共享卷的 node-info/frank/ 目录。
[2024-12-04 12:53:34] [INFO] 以下是 nodeInfo-spt.json 的内容：
[
  {
    "user": "frank@taoziyoyo.com",
    "id": "b11bdb17-450d-4ece-afd9-2dfa65328d5f",
    "expire": "2124-12-04T00:00:00Z",
    "subscription": "vless://b11bdb17-450d-4ece-afd9-2dfa65328d5f@spto9drrm5l1d7uopaguucnxohzc3ul2yazxrldzpuoduu.taoziyoyo.com:38724?encryption=none&security=reality&pbk=w0i0msg_hlzagmHjz640Cit1Kzn45E5gndxvLj1Fvl4&sid=b6db1276e4530cdc&flow=xtls-rprx-vision&sni=www.apple.com&fp=chrome&type=tcp#frank%40taoziyoyo.com",
    "country": "US",
    "server": "spt",
    "uid": "5H8NY7S0"
  }
]
[2024-12-04 12:53:34] [INFO] 用户: frank@taoziyoyo.com
[2024-12-04 12:53:34] [INFO] 订阅链接: vless://b11bdb17-450d-4ece-afd9-2dfa65328d5f@spto9drrm5l1d7uopaguucnxohzc3ul2yazxrldzpuoduu.taoziyoyo.com:38724?encryption=none&security=reality&pbk=w0i0msg_hlzagmHjz640Cit1Kzn45E5gndxvLj1Fvl4&sid=b6db1276e4530cdc&flow=xtls-rprx-vision&sni=www.apple.com&fp=chrome&type=tcp#frank%40taoziyoyo.com
[2024-12-04 12:53:34] [INFO] 正在处理配置文件: client_me_spt_202412041252//ren.json
[2024-12-04 12:53:35] [INFO] 已生成 users.json，内容如下：
[
  {
    "user": "ren@taoziyoyo.com",
    "id": "9296fbbc-c33d-4fbc-b2cb-2a49bfd17ac7",
    "flow": "xtls-rprx-vision",
    "level": 0,
    "alterId": 0,
    "expire": "2124-12-04T00:00:00Z"
  }
]
[2024-12-04 12:53:35] [INFO] 密钥生成容器 'xray-x25519' 已经在运行。
[2024-12-04 12:53:35] [INFO] Public Key: cxiLfK5VDuRlNfxtg5E7onx3Xw83mc5mPFOlFKpE_iI
[2024-12-04 12:53:35] [INFO] 密钥已保存到 /opt/docker/reality/nodeInfo/reality_ren 目录。
[2024-12-04 12:53:35] [INFO] 正在启动 Docker 容器：reality_SPTREN_REG077PR
[2024-12-04 12:53:38] [INFO] 容器 reality_SPTREN_REG077PR 启动成功。
[2024-12-04 12:53:43] [INFO] nodeInfo-spt.json 文件已成功创建。
[2024-12-04 12:53:43] [INFO] 已成功将 nodeInfo-spt.json 拷贝到容器的根目录。
[2024-12-04 12:53:43] [INFO] 已生成 nodeInfo-spt.json，内容如下：
[
  {
    "user": "ren@taoziyoyo.com",
    "id": "9296fbbc-c33d-4fbc-b2cb-2a49bfd17ac7",
    "expire": "2124-12-04T00:00:00Z",
    "subscription": "vless://9296fbbc-c33d-4fbc-b2cb-2a49bfd17ac7@spto9drrm5l1d7uopaguucnxohzc3ul2yazxrldzpuoduu.taoziyoyo.com:21158?encryption=none&security=reality&pbk=cxiLfK5VDuRlNfxtg5E7onx3Xw83mc5mPFOlFKpE_iI&sid=5616b1ae12e0209d&flow=xtls-rprx-vision&sni=www.apple.com&fp=chrome&type=tcp#ren%40taoziyoyo.com",
    "country": "US",
    "server": "spt",
    "uid": "REG077PR"
  }
]
[2024-12-04 12:53:44] [INFO] nodeInfo-spt.json 已成功复制到共享卷的 node-info/ren/ 目录。
[2024-12-04 12:53:44] [INFO] 以下是 nodeInfo-spt.json 的内容：
[
  {
    "user": "ren@taoziyoyo.com",
    "id": "9296fbbc-c33d-4fbc-b2cb-2a49bfd17ac7",
    "expire": "2124-12-04T00:00:00Z",
    "subscription": "vless://9296fbbc-c33d-4fbc-b2cb-2a49bfd17ac7@spto9drrm5l1d7uopaguucnxohzc3ul2yazxrldzpuoduu.taoziyoyo.com:21158?encryption=none&security=reality&pbk=cxiLfK5VDuRlNfxtg5E7onx3Xw83mc5mPFOlFKpE_iI&sid=5616b1ae12e0209d&flow=xtls-rprx-vision&sni=www.apple.com&fp=chrome&type=tcp#ren%40taoziyoyo.com",
    "country": "US",
    "server": "spt",
    "uid": "REG077PR"
  }
]
[2024-12-04 12:53:44] [INFO] 用户: ren@taoziyoyo.com
[2024-12-04 12:53:44] [INFO] 订阅链接: vless://9296fbbc-c33d-4fbc-b2cb-2a49bfd17ac7@spto9drrm5l1d7uopaguucnxohzc3ul2yazxrldzpuoduu.taoziyoyo.com:21158?encryption=none&security=reality&pbk=cxiLfK5VDuRlNfxtg5E7onx3Xw83mc5mPFOlFKpE_iI&sid=5616b1ae12e0209d&flow=xtls-rprx-vision&sni=www.apple.com&fp=chrome&type=tcp#ren%40taoziyoyo.com
[2024-12-04 12:53:44] [INFO] 正在处理配置文件: client_me_spt_202412041252//shm.json
[2024-12-04 12:53:44] [INFO] 已生成 users.json，内容如下：
[
  {
    "user": "shm@taoziyoyo.com",
    "id": "962bcb9c-0a62-43fd-8670-5c7bf841c0b8",
    "flow": "xtls-rprx-vision",
    "level": 0,
    "alterId": 0,
    "expire": "2124-12-04T00:00:00Z"
  }
]
[2024-12-04 12:53:44] [INFO] 密钥生成容器 'xray-x25519' 已经在运行。
[2024-12-04 12:53:44] [INFO] Public Key: KeHyp80BpM-T04jVjOKvCDkyj-Z4XANukB2AqtqOfE4
[2024-12-04 12:53:44] [INFO] 密钥已保存到 /opt/docker/reality/nodeInfo/reality_shm 目录。
[2024-12-04 12:53:44] [INFO] 正在启动 Docker 容器：reality_SPTSHM_INVOZV5N
[2024-12-04 12:53:48] [INFO] 容器 reality_SPTSHM_INVOZV5N 启动成功。
[2024-12-04 12:53:53] [INFO] nodeInfo-spt.json 文件已成功创建。
[2024-12-04 12:53:53] [INFO] 已成功将 nodeInfo-spt.json 拷贝到容器的根目录。
[2024-12-04 12:53:53] [INFO] 已生成 nodeInfo-spt.json，内容如下：
[
  {
    "user": "shm@taoziyoyo.com",
    "id": "962bcb9c-0a62-43fd-8670-5c7bf841c0b8",
    "expire": "2124-12-04T00:00:00Z",
    "subscription": "vless://962bcb9c-0a62-43fd-8670-5c7bf841c0b8@spto9drrm5l1d7uopaguucnxohzc3ul2yazxrldzpuoduu.taoziyoyo.com:35269?encryption=none&security=reality&pbk=KeHyp80BpM-T04jVjOKvCDkyj-Z4XANukB2AqtqOfE4&sid=27e70c63cbb5b7ce&flow=xtls-rprx-vision&sni=www.apple.com&fp=chrome&type=tcp#shm%40taoziyoyo.com",
    "country": "US",
    "server": "spt",
    "uid": "INVOZV5N"
  }
]
[2024-12-04 12:53:53] [INFO] nodeInfo-spt.json 已成功复制到共享卷的 node-info/shm/ 目录。
[2024-12-04 12:53:53] [INFO] 以下是 nodeInfo-spt.json 的内容：
[
  {
    "user": "shm@taoziyoyo.com",
    "id": "962bcb9c-0a62-43fd-8670-5c7bf841c0b8",
    "expire": "2124-12-04T00:00:00Z",
    "subscription": "vless://962bcb9c-0a62-43fd-8670-5c7bf841c0b8@spto9drrm5l1d7uopaguucnxohzc3ul2yazxrldzpuoduu.taoziyoyo.com:35269?encryption=none&security=reality&pbk=KeHyp80BpM-T04jVjOKvCDkyj-Z4XANukB2AqtqOfE4&sid=27e70c63cbb5b7ce&flow=xtls-rprx-vision&sni=www.apple.com&fp=chrome&type=tcp#shm%40taoziyoyo.com",
    "country": "US",
    "server": "spt",
    "uid": "INVOZV5N"
  }
]
[2024-12-04 12:53:53] [INFO] 用户: shm@taoziyoyo.com
[2024-12-04 12:53:53] [INFO] 订阅链接: vless://962bcb9c-0a62-43fd-8670-5c7bf841c0b8@spto9drrm5l1d7uopaguucnxohzc3ul2yazxrldzpuoduu.taoziyoyo.com:35269?encryption=none&security=reality&pbk=KeHyp80BpM-T04jVjOKvCDkyj-Z4XANukB2AqtqOfE4&sid=27e70c63cbb5b7ce&flow=xtls-rprx-vision&sni=www.apple.com&fp=chrome&type=tcp#shm%40taoziyoyo.com
[2024-12-04 12:53:53] [INFO] 正在处理配置文件: client_me_spt_202412041252//ybh.json
[2024-12-04 12:53:54] [INFO] 已生成 users.json，内容如下：
[
  {
    "user": "ybh@taoziyoyo.com",
    "id": "27150fdb-cca6-4bd2-8539-9a74dc933a5e",
    "flow": "xtls-rprx-vision",
    "level": 0,
    "alterId": 0,
    "expire": "2124-12-04T00:00:00Z"
  }
]
[2024-12-04 12:53:54] [INFO] 密钥生成容器 'xray-x25519' 已经在运行。
[2024-12-04 12:53:54] [INFO] Public Key: GHXFIPr6JB1hRoeEyOOxdP1T93DrYeKlokGs5HU7zVQ
[2024-12-04 12:53:54] [INFO] 密钥已保存到 /opt/docker/reality/nodeInfo/reality_ybh 目录。
[2024-12-04 12:53:54] [INFO] 正在启动 Docker 容器：reality_SPTYBH_KPI7E3YT
[2024-12-04 12:53:57] [INFO] 容器 reality_SPTYBH_KPI7E3YT 启动成功。
[2024-12-04 12:54:02] [INFO] nodeInfo-spt.json 文件已成功创建。
[2024-12-04 12:54:02] [INFO] 已成功将 nodeInfo-spt.json 拷贝到容器的根目录。
[2024-12-04 12:54:02] [INFO] 已生成 nodeInfo-spt.json，内容如下：
[
  {
    "user": "ybh@taoziyoyo.com",
    "id": "27150fdb-cca6-4bd2-8539-9a74dc933a5e",
    "expire": "2124-12-04T00:00:00Z",
    "subscription": "vless://27150fdb-cca6-4bd2-8539-9a74dc933a5e@spto9drrm5l1d7uopaguucnxohzc3ul2yazxrldzpuoduu.taoziyoyo.com:39023?encryption=none&security=reality&pbk=GHXFIPr6JB1hRoeEyOOxdP1T93DrYeKlokGs5HU7zVQ&sid=d2242586034de150&flow=xtls-rprx-vision&sni=www.apple.com&fp=chrome&type=tcp#ybh%40taoziyoyo.com",
    "country": "US",
    "server": "spt",
    "uid": "KPI7E3YT"
  }
]
[2024-12-04 12:54:03] [INFO] nodeInfo-spt.json 已成功复制到共享卷的 node-info/ybh/ 目录。
[2024-12-04 12:54:03] [INFO] 以下是 nodeInfo-spt.json 的内容：
[
  {
    "user": "ybh@taoziyoyo.com",
    "id": "27150fdb-cca6-4bd2-8539-9a74dc933a5e",
    "expire": "2124-12-04T00:00:00Z",
    "subscription": "vless://27150fdb-cca6-4bd2-8539-9a74dc933a5e@spto9drrm5l1d7uopaguucnxohzc3ul2yazxrldzpuoduu.taoziyoyo.com:39023?encryption=none&security=reality&pbk=GHXFIPr6JB1hRoeEyOOxdP1T93DrYeKlokGs5HU7zVQ&sid=d2242586034de150&flow=xtls-rprx-vision&sni=www.apple.com&fp=chrome&type=tcp#ybh%40taoziyoyo.com",
    "country": "US",
    "server": "spt",
    "uid": "KPI7E3YT"
  }
]
[2024-12-04 12:54:03] [INFO] 用户: ybh@taoziyoyo.com
[2024-12-04 12:54:03] [INFO] 订阅链接: vless://27150fdb-cca6-4bd2-8539-9a74dc933a5e@spto9drrm5l1d7uopaguucnxohzc3ul2yazxrldzpuoduu.taoziyoyo.com:39023?encryption=none&security=reality&pbk=GHXFIPr6JB1hRoeEyOOxdP1T93DrYeKlokGs5HU7zVQ&sid=d2242586034de150&flow=xtls-rprx-vision&sni=www.apple.com&fp=chrome&type=tcp#ybh%40taoziyoyo.com
[2024-12-04 12:54:03] [INFO] 操作成功完成。
[2024-12-04 12:57:13] [INFO] 跳过 Docker 镜像构建，使用现有镜像。
[2024-12-04 12:57:13] [INFO] 使用现有的镜像：vless_reality:v10_20241202163504
[2024-12-04 12:57:13] [INFO] 正在处理配置文件: client_sub_spt_202412041256//szm.json
[2024-12-04 12:57:13] [INFO] 已生成 users.json，内容如下：
[
  {
    "user": "szm@taoziyoyo.com",
    "id": "0f20a5e1-3da2-4db5-a2d7-d0859791c0ce",
    "flow": "xtls-rprx-vision",
    "level": 0,
    "alterId": 0,
    "expire": "2124-12-04T00:00:00Z"
  }
]
[2024-12-04 12:57:13] [INFO] 密钥生成容器 'xray-x25519' 已经在运行。
[2024-12-04 12:57:13] [INFO] Public Key: QP6ircq44UKxUJ0bapyFLmP_WYMdvyQl-UkY5Ay-tzU
[2024-12-04 12:57:13] [INFO] 密钥已保存到 /opt/docker/reality/nodeInfo/reality_szm 目录。
[2024-12-04 12:57:13] [INFO] 正在启动 Docker 容器：reality_SPTSZM_9J70CDC4
[2024-12-04 12:57:16] [INFO] 容器 reality_SPTSZM_9J70CDC4 启动成功。
[2024-12-04 12:57:21] [INFO] nodeInfo-spt.json 文件已成功创建。
[2024-12-04 12:57:22] [INFO] 已成功将 nodeInfo-spt.json 拷贝到容器的根目录。
[2024-12-04 12:57:22] [INFO] 已生成 nodeInfo-spt.json，内容如下：
[
  {
    "user": "szm@taoziyoyo.com",
    "id": "0f20a5e1-3da2-4db5-a2d7-d0859791c0ce",
    "expire": "2124-12-04T00:00:00Z",
    "subscription": "vless://0f20a5e1-3da2-4db5-a2d7-d0859791c0ce@spto9drrm5l1d7uopaguucnxohzc3ul2yazxrldzpuoduu.taoziyoyo.com:34178?encryption=none&security=reality&pbk=QP6ircq44UKxUJ0bapyFLmP_WYMdvyQl-UkY5Ay-tzU&sid=cff9a0fa67bae5c3&flow=xtls-rprx-vision&sni=www.apple.com&fp=chrome&type=tcp#szm%40taoziyoyo.com",
    "country": "US",
    "server": "spt",
    "uid": "9J70CDC4"
  }
]
[2024-12-04 12:57:22] [INFO] nodeInfo-spt.json 已成功复制到共享卷的 node-info/szm/ 目录。
[2024-12-04 12:57:22] [INFO] 以下是 nodeInfo-spt.json 的内容：
[
  {
    "user": "szm@taoziyoyo.com",
    "id": "0f20a5e1-3da2-4db5-a2d7-d0859791c0ce",
    "expire": "2124-12-04T00:00:00Z",
    "subscription": "vless://0f20a5e1-3da2-4db5-a2d7-d0859791c0ce@spto9drrm5l1d7uopaguucnxohzc3ul2yazxrldzpuoduu.taoziyoyo.com:34178?encryption=none&security=reality&pbk=QP6ircq44UKxUJ0bapyFLmP_WYMdvyQl-UkY5Ay-tzU&sid=cff9a0fa67bae5c3&flow=xtls-rprx-vision&sni=www.apple.com&fp=chrome&type=tcp#szm%40taoziyoyo.com",
    "country": "US",
    "server": "spt",
    "uid": "9J70CDC4"
  }
]
[2024-12-04 12:57:22] [INFO] 用户: szm@taoziyoyo.com
[2024-12-04 12:57:22] [INFO] 订阅链接: vless://0f20a5e1-3da2-4db5-a2d7-d0859791c0ce@spto9drrm5l1d7uopaguucnxohzc3ul2yazxrldzpuoduu.taoziyoyo.com:34178?encryption=none&security=reality&pbk=QP6ircq44UKxUJ0bapyFLmP_WYMdvyQl-UkY5Ay-tzU&sid=cff9a0fa67bae5c3&flow=xtls-rprx-vision&sni=www.apple.com&fp=chrome&type=tcp#szm%40taoziyoyo.com
[2024-12-04 12:57:22] [INFO] 正在处理配置文件: client_sub_spt_202412041256//yin.json
[2024-12-04 12:57:22] [INFO] 已生成 users.json，内容如下：
[
  {
    "user": "yin@taoziyoyo.com",
    "id": "9b09f391-6dd1-48fd-8dac-84df9cbc7201",
    "flow": "xtls-rprx-vision",
    "level": 0,
    "alterId": 0,
    "expire": "2124-12-04T00:00:00Z"
  }
]
[2024-12-04 12:57:22] [INFO] 密钥生成容器 'xray-x25519' 已经在运行。
[2024-12-04 12:57:22] [INFO] Public Key: t8lHGf96pzgZbNPvHCeh0q2AmGOFmRq0WFMtSLd2Lzo
[2024-12-04 12:57:22] [INFO] 密钥已保存到 /opt/docker/reality/nodeInfo/reality_yin 目录。
[2024-12-04 12:57:23] [INFO] 正在启动 Docker 容器：reality_SPTYIN_R0UJBJ5U
[2024-12-04 12:57:26] [INFO] 容器 reality_SPTYIN_R0UJBJ5U 启动成功。
[2024-12-04 12:57:31] [INFO] nodeInfo-spt.json 文件已成功创建。
[2024-12-04 12:57:31] [INFO] 已成功将 nodeInfo-spt.json 拷贝到容器的根目录。
[2024-12-04 12:57:31] [INFO] 已生成 nodeInfo-spt.json，内容如下：
[
  {
    "user": "yin@taoziyoyo.com",
    "id": "9b09f391-6dd1-48fd-8dac-84df9cbc7201",
    "expire": "2124-12-04T00:00:00Z",
    "subscription": "vless://9b09f391-6dd1-48fd-8dac-84df9cbc7201@spto9drrm5l1d7uopaguucnxohzc3ul2yazxrldzpuoduu.taoziyoyo.com:26855?encryption=none&security=reality&pbk=t8lHGf96pzgZbNPvHCeh0q2AmGOFmRq0WFMtSLd2Lzo&sid=7b199fb4c5fed223&flow=xtls-rprx-vision&sni=www.apple.com&fp=chrome&type=tcp#yin%40taoziyoyo.com",
    "country": "US",
    "server": "spt",
    "uid": "R0UJBJ5U"
  }
]
[2024-12-04 12:57:32] [INFO] nodeInfo-spt.json 已成功复制到共享卷的 node-info/yin/ 目录。
[2024-12-04 12:57:32] [INFO] 以下是 nodeInfo-spt.json 的内容：
[
  {
    "user": "yin@taoziyoyo.com",
    "id": "9b09f391-6dd1-48fd-8dac-84df9cbc7201",
    "expire": "2124-12-04T00:00:00Z",
    "subscription": "vless://9b09f391-6dd1-48fd-8dac-84df9cbc7201@spto9drrm5l1d7uopaguucnxohzc3ul2yazxrldzpuoduu.taoziyoyo.com:26855?encryption=none&security=reality&pbk=t8lHGf96pzgZbNPvHCeh0q2AmGOFmRq0WFMtSLd2Lzo&sid=7b199fb4c5fed223&flow=xtls-rprx-vision&sni=www.apple.com&fp=chrome&type=tcp#yin%40taoziyoyo.com",
    "country": "US",
    "server": "spt",
    "uid": "R0UJBJ5U"
  }
]
[2024-12-04 12:57:32] [INFO] 用户: yin@taoziyoyo.com
[2024-12-04 12:57:32] [INFO] 订阅链接: vless://9b09f391-6dd1-48fd-8dac-84df9cbc7201@spto9drrm5l1d7uopaguucnxohzc3ul2yazxrldzpuoduu.taoziyoyo.com:26855?encryption=none&security=reality&pbk=t8lHGf96pzgZbNPvHCeh0q2AmGOFmRq0WFMtSLd2Lzo&sid=7b199fb4c5fed223&flow=xtls-rprx-vision&sni=www.apple.com&fp=chrome&type=tcp#yin%40taoziyoyo.com
[2024-12-04 12:57:32] [INFO] 操作成功完成。
[2024-12-04 12:59:51] [INFO] 跳过 Docker 镜像构建，使用现有镜像。
[2024-12-04 12:59:51] [INFO] 使用现有的镜像：vless_reality:v10_20241202163504
[2024-12-04 12:59:51] [INFO] 已生成 users.json，内容如下：
[
  {
    "user": "shm@taoziyoyo.com",
    "id": "56a574b1-17e7-469b-ade8-6168ab533767",
    "flow": "xtls-rprx-vision",
    "level": 0,
    "alterId": 0,
    "expire": "2124-12-04T00:00:00Z"
  }
]
[2024-12-04 12:59:51] [INFO] 密钥生成容器 'xray-x25519' 已经在运行。
[2024-12-04 12:59:51] [INFO] Public Key: B2z7sZMYD-tU-6Vcnxds22GdR6z65K1fydWaZK4YDSs
[2024-12-04 12:59:51] [INFO] 密钥已保存到 /opt/docker/reality/nodeInfo/reality_shm 目录。
[2024-12-04 12:59:51] [INFO] 正在启动 Docker 容器：reality_SPTSHM_INVOZV5N
[2024-12-04 12:59:54] [INFO] 容器 reality_SPTSHM_INVOZV5N 启动成功。
[2024-12-04 13:00:00] [INFO] nodeInfo-spt.json 文件已成功创建。
[2024-12-04 13:00:00] [INFO] 已成功将 nodeInfo-spt.json 拷贝到容器的根目录。
[2024-12-04 13:00:00] [INFO] 已生成 nodeInfo-spt.json，内容如下：
[
  {
    "user": "shm@taoziyoyo.com",
    "id": "56a574b1-17e7-469b-ade8-6168ab533767",
    "expire": "2124-12-04T00:00:00Z",
    "subscription": "vless://56a574b1-17e7-469b-ade8-6168ab533767@spto9drrm5l1d7uopaguucnxohzc3ul2yazxrldzpuoduu.taoziyoyo.com:35269?encryption=none&security=reality&pbk=B2z7sZMYD-tU-6Vcnxds22GdR6z65K1fydWaZK4YDSs&sid=83279001c9f45b37&flow=xtls-rprx-vision&sni=www.apple.com&fp=chrome&type=tcp#shm%40taoziyoyo.com",
    "country": "US",
    "server": "spt",
    "uid": "INVOZV5N"
  }
]
[2024-12-04 13:00:00] [INFO] nodeInfo-spt.json 已成功复制到共享卷的 node-info/shm/ 目录。
[2024-12-04 13:00:00] [INFO] 以下是 nodeInfo-spt.json 的内容：
[
  {
    "user": "shm@taoziyoyo.com",
    "id": "56a574b1-17e7-469b-ade8-6168ab533767",
    "expire": "2124-12-04T00:00:00Z",
    "subscription": "vless://56a574b1-17e7-469b-ade8-6168ab533767@spto9drrm5l1d7uopaguucnxohzc3ul2yazxrldzpuoduu.taoziyoyo.com:35269?encryption=none&security=reality&pbk=B2z7sZMYD-tU-6Vcnxds22GdR6z65K1fydWaZK4YDSs&sid=83279001c9f45b37&flow=xtls-rprx-vision&sni=www.apple.com&fp=chrome&type=tcp#shm%40taoziyoyo.com",
    "country": "US",
    "server": "spt",
    "uid": "INVOZV5N"
  }
]
[2024-12-04 13:00:00] [INFO] 用户: shm@taoziyoyo.com
[2024-12-04 13:00:00] [INFO] 订阅链接: vless://56a574b1-17e7-469b-ade8-6168ab533767@spto9drrm5l1d7uopaguucnxohzc3ul2yazxrldzpuoduu.taoziyoyo.com:35269?encryption=none&security=reality&pbk=B2z7sZMYD-tU-6Vcnxds22GdR6z65K1fydWaZK4YDSs&sid=83279001c9f45b37&flow=xtls-rprx-vision&sni=www.apple.com&fp=chrome&type=tcp#shm%40taoziyoyo.com
[2024-12-04 13:00:00] [INFO] 操作成功完成。
